date,Mahalle,total_time_in_neigh_sec,total_dist_in_neigh_km,total_idle_in_neigh_sec,total_stop_in_neigh_sec,total_points,vehicles_served,total_time_in_neigh_hr,total_idle_in_neigh_hr,total_stop_in_neigh_hr
2025-12-19,19 Mayıs Mh.,22579.0,50625.19,21167.0,21167.0,1636,4,6.271944444444444,5.879722222222222,5.879722222222222
2025-12-19,23 Nisan Mh.,9818.0,93854.34,6231.0,6231.0,1217,39,2.727222222222222,1.7308333333333332,1.7308333333333332
2025-12-19,29 Ekim Mh.,19460.0,49190.31,16968.0,22259.0,1261,20,5.405555555555556,4.713333333333333,6.183055555555556
2025-12-19,30 Ağustos Zafer Mh.,35844.0,55041.32,36209.0,36209.0,1610,9,9.956666666666667,10.058055555555555,10.058055555555555
2025-12-19,Ahmet Yesevi Mh.,10662.0,79968.67,4005.0,5869.0,1181,39,2.9616666666666664,1.1125,1.6302777777777777
2025-12-19,Akçalar Mh.,17551.0,110566.64,15492.0,15492.0,1326,2,4.875277777777778,4.303333333333334,4.303333333333334
2025-12-19,Alaaddinbey Mh.,1277398.0,736505.5,35558042.0,147260815.0,14811,42,354.8327777777778,9877.233888888888,40905.78194444445
2025-12-19,Altınşehir Mh.,15218.0,41394.84,16507.0,17214.0,939,11,4.227222222222222,4.585277777777778,4.781666666666666
2025-12-19,Ataevler Mh.,7767.0,47719.85,4830.0,5403.0,786,23,2.1575,1.3416666666666666,1.5008333333333332
2025-12-19,Atlas Mahallesi,3.0,60.15,0.0,0.0,3,1,0.0008333333333333334,0.0,0.0
2025-12-19,Atlas Mh.,4046.0,31503.8,2476.0,17245.0,1877,1,1.123888888888889,0.6877777777777778,4.790277777777778
2025-12-19,Ayvaköy Mahallesi,8.0,54.35,0.0,0.0,1,1,0.0022222222222222222,0.0,0.0
2025-12-19,Ayvaköy Mh.,948.0,4048.7200000000003,568.0,568.0,76,1,0.2633333333333333,0.15777777777777777,0.15777777777777777
2025-12-19,Balat Mh.,21406.0,176066.41,18690.0,19526.0,2605,39,5.946111111111111,5.191666666666666,5.4238888888888885
2025-12-19,Balat OSB Mh.,3183.0,36508.89,86.0,429.0,468,38,0.8841666666666667,0.02388888888888889,0.11916666666666667
2025-12-19,Balkan Mh.,13318.0,92916.08,13380.0,32427.0,2856,7,3.6994444444444445,3.716666666666667,9.0075
2025-12-19,Barış Mh.,20601.0,53324.969999999994,489.0,22881.0,1022,10,5.7225,0.13583333333333333,6.355833333333333
2025-12-19,Başköy Mh.,4640.0,44403.659999999996,1662.0,1662.0,412,5,1.288888888888889,0.46166666666666667,0.46166666666666667
2025-12-19,Beşevler Mh.,14236.0,86539.0,6357.0,10895.0,1364,24,3.9544444444444444,1.7658333333333334,3.026388888888889
2025-12-19,Büyükbalıklı Mh.,600.0,3435.42,1205.0,1205.0,39,2,0.16666666666666666,0.3347222222222222,0.3347222222222222
2025-12-19,Cumhuriyet Mh.,33729.0,23655.39,35168.0,37588.0,1312,8,9.369166666666667,9.768888888888888,10.44111111111111
2025-12-19,Demirci Mh.,6001.0,34225.15,1835.0,2191.0,1174,22,1.6669444444444443,0.5097222222222222,0.6086111111111111
2025-12-19,Doğanköy Mh.,9419.0,75766.38,9228.0,9228.0,1064,23,2.616388888888889,2.5633333333333335,2.5633333333333335
2025-12-19,Dumlupınar Mh.,46937.0,100344.78,41885.0,49866.0,2693,13,13.038055555555555,11.634722222222223,13.851666666666667
2025-12-19,Ertuğrul Mh.,11919.0,43209.630000000005,8361.0,9162.0,839,20,3.3108333333333335,2.3225,2.545
2025-12-19,Esentepe Mh.,37387.0,117470.8,42157.0,85652.0,2714,13,10.385277777777778,11.710277777777778,23.79222222222222
2025-12-19,Fadıllı Mahallesi,9.0,58.73,0.0,0.0,1,1,0.0025,0.0,0.0
2025-12-19,Fadıllı Mh.,2746.0,11583.29,2015.0,2015.0,191,1,0.7627777777777778,0.5597222222222222,0.5597222222222222
2025-12-19,Fethiye Mh.,18311.0,39679.58,12108.0,13034.0,987,21,5.086388888888889,3.3633333333333333,3.6205555555555557
2025-12-19,Fethiye OSB Mh.,12255.0,187842.63999999998,3073.0,3352.0,2250,38,3.404166666666667,0.8536111111111111,0.9311111111111111
2025-12-19,Geçit Mh.,46844.0,485155.37,14185.0,32552.0,6951,40,13.012222222222222,3.9402777777777778,9.042222222222222
2025-12-19,Gökçe Mh.,120.0,1338.6,0.0,0.0,14,2,0.03333333333333333,0.0,0.0
2025-12-19,Gölyazı Mh.,5139.0,30729.44,6303.0,10739.0,272,1,1.4275,1.7508333333333332,2.9830555555555556
2025-12-19,Görükle Mh.,58891.0,301541.97,42783.0,57436.0,4288,23,16.35861111111111,11.884166666666667,15.954444444444444
2025-12-19,Gümüştepe Mh.,9446.0,80629.46,10313.0,10313.0,3629,3,2.6238888888888887,2.8647222222222224,2.8647222222222224
2025-12-19,Güngören Mh.,1905.0,4400.2,1207.0,1207.0,181,1,0.5291666666666667,0.3352777777777778,0.3352777777777778
2025-12-19,Hasanağa Mh.,6369.0,101155.19,9970.0,9970.0,1899,3,1.7691666666666668,2.7694444444444444,2.7694444444444444
2025-12-19,Hasanağa OSB Mh.,199.0,1457.03,0.0,0.0,21,1,0.05527777777777778,0.0,0.0
2025-12-19,Işıktepe Mh.,10174.0,28053.98,11549.0,14717.0,445,36,2.826111111111111,3.2080555555555557,4.088055555555556
2025-12-19,Işıktepe OSB Mh.,5691.0,77154.05,2998.0,3117.0,967,37,1.5808333333333333,0.8327777777777777,0.8658333333333333
2025-12-19,Kadriye Mh.,298.0,7037.78,215.0,215.0,298,1,0.08277777777777778,0.059722222222222225,0.059722222222222225
2025-12-19,Karacaoba Mh.,598.0,6581.82,276.0,276.0,52,2,0.1661111111111111,0.07666666666666666,0.07666666666666666
2025-12-19,Karaman Mh.,25399.0,66097.01,41821.0,63145.0,1786,10,7.0552777777777775,11.616944444444444,17.540277777777778
2025-12-19,Kayapa Mh.,16928.0,63490.990000000005,13883.0,15468.0,1944,8,4.702222222222222,3.856388888888889,4.296666666666667
2025-12-19,Konak Mh.,42524.0,47870.9,51711.0,57901.0,2818,13,11.812222222222223,14.364166666666666,16.08361111111111
2025-12-19,Korubaşı Mh.,700.0,2895.09,305.0,305.0,73,1,0.19444444444444445,0.08472222222222223,0.08472222222222223
2025-12-19,Kurtuluş Mh.,16818.0,82857.21,13604.0,13604.0,1424,13,4.671666666666667,3.778888888888889,3.778888888888889
2025-12-19,Kuruçeşme Mh.,733.0,23422.72,244.0,244.0,611,1,0.2036111111111111,0.06777777777777778,0.06777777777777778
2025-12-19,Kültür Mh.,1465.0,7621.8,333.0,695.0,203,6,0.40694444444444444,0.0925,0.19305555555555556
2025-12-19,Kızılcıklı Mh.,11297.0,97949.29,28309.0,28309.0,2889,2,3.1380555555555554,7.863611111111111,7.863611111111111
2025-12-19,Makşempınarı Mh.,2569.0,6742.6,2010.0,2010.0,213,1,0.7136111111111111,0.5583333333333333,0.5583333333333333
2025-12-19,Minareliçavuş Bursa OSB Mh.,1244.0,25748.52,78.0,78.0,300,38,0.34555555555555556,0.021666666666666667,0.021666666666666667
2025-12-19,Minareliçavuş Mh.,1314.0,8672.25,470.0,470.0,134,8,0.365,0.13055555555555556,0.13055555555555556
2025-12-19,Minareliçavuş OSB Mh.,789.0,4987.55,2.0,2.0,104,5,0.21916666666666668,0.0005555555555555556,0.0005555555555555556
2025-12-19,Nilüferköy Mh.,5184.0,106166.49,49.0,49.0,1440,39,1.44,0.01361111111111111,0.01361111111111111
2025-12-19,Odunluk Mh.,40070.0,53809.94,50835.0,60116.0,2051,8,11.130555555555556,14.120833333333334,16.698888888888888
2025-12-19,Tahtalı Mahallesi,58.0,292.32,55.0,55.0,8,4,0.01611111111111111,0.015277777777777777,0.015277777777777777
2025-12-19,Tahtalı Mh.,9370.0,15980.77,6783.0,6783.0,793,7,2.602777777777778,1.8841666666666668,1.8841666666666668
2025-12-19,Unçukuru Mh.,2328.0,9695.45,1552.0,1552.0,207,1,0.6466666666666666,0.4311111111111111,0.4311111111111111
2025-12-19,Yapı Kredi Bankası ATM - Bursa Görükle Çek Mahallesi,41.0,217.15,20.0,24.0,5,3,0.01138888888888889,0.005555555555555556,0.006666666666666667
2025-12-19,Yapı Kredi Bankası ATM - Nilüfer Balkan Mahallesi,13.0,31.08,0.0,0.0,2,1,0.003611111111111111,0.0,0.0
2025-12-19,Yapı Kredi Bankası ATM - Nilüfer Çalı Mahallesi,55.0,111.45,0.0,11.0,1,1,0.015277777777777777,0.0,0.0030555555555555557
2025-12-19,Yaylacık Mh.,18197.0,48328.56,21162.0,21162.0,991,13,5.054722222222222,5.878333333333333,5.878333333333333
2025-12-19,Yenikent Mh.,70388.0,609870.14,37383.0,40774.0,9132,40,19.552222222222223,10.384166666666667,11.32611111111111
2025-12-19,Yolçatı Mh.,3089.0,38100.46,0.0,0.0,543,19,0.8580555555555556,0.0,0.0
2025-12-19,Yüzüncüyıl Mh.,14458.0,28482.4,14997.0,15399.0,770,18,4.016111111111111,4.1658333333333335,4.2775
2025-12-19,Çalı Mh.,30379.0,60867.7,29397.0,32140.0,2015,10,8.438611111111111,8.165833333333333,8.927777777777777
2025-12-19,Çamlıca Mh.,3654.0,11127.79,17910.0,18594.0,543,4,1.015,4.975,5.165
2025-12-19,Çatalağıl Mh.,2229.0,17738.04,809.0,809.0,151,2,0.6191666666666666,0.2247222222222222,0.2247222222222222
2025-12-19,Özlüce Mh.,11652.0,30697.640000000003,10031.0,10031.0,678,4,3.236666666666667,2.786388888888889,2.786388888888889
2025-12-19,Ürünlü Mh.,13160.0,43358.57,9997.0,14933.0,1109,7,3.6555555555555554,2.7769444444444447,4.148055555555556
2025-12-19,Üçevler Mh.,182995.0,520149.36,171149.0,32833906.0,9342,42,50.831944444444446,47.54138888888889,9120.529444444444
2025-12-19,Üçpınar Mahallesi,5.0,150.41,0.0,0.0,5,1,0.001388888888888889,0.0,0.0
2025-12-19,Üçpınar Mh.,2533.0,39094.42,2531.0,2531.0,1327,1,0.7036111111111111,0.7030555555555555,0.7030555555555555
2025-12-19,İhsaniye Mh.,46001.0,122959.23999999999,64124.0,65215.0,4485,13,12.778055555555556,17.81222222222222,18.115277777777777
2025-12-19,İnegazi Mh.,271.0,9545.39,0.0,0.0,270,1,0.07527777777777778,0.0,0.0
2025-12-19,İrfaniye Mh.,897.0,9469.79,59.0,59.0,145,8,0.24916666666666668,0.01638888888888889,0.01638888888888889
2025-12-20,19 Mayıs Mh.,237.0,3687.39,218.0,218.0,20,4,0.06583333333333333,0.06055555555555556,0.06055555555555556
2025-12-20,23 Nisan Mh.,27612.0,296450.2,4785.0,29900.0,1666,40,7.67,1.3291666666666666,8.305555555555555
2025-12-20,29 Ekim Mh.,16749.0,209309.1,14861.0,16816.0,1098,23,4.6525,4.128055555555555,4.671111111111111
2025-12-20,30 Ağustos Zafer Mh.,1172.0,58377.52,220.0,220.0,533,4,0.32555555555555554,0.06111111111111111,0.06111111111111111
2025-12-20,Ahmet Yesevi Mh.,26744.0,227889.22,27901.0,30432.0,1488,39,7.428888888888889,7.750277777777778,8.453333333333333
2025-12-20,Akçalar Mh.,18152.0,229044.1,16534.0,16534.0,1266,3,5.042222222222223,4.592777777777778,4.592777777777778
2025-12-20,Alaaddinbey Mh.,1309065.0,2177774.8000000003,34956692.0,184268319.0,15025,43,363.62916666666666,9710.192222222222,51185.644166666665
2025-12-20,Altınşehir Mh.,30999.0,344330.85,34042.0,36388.0,1730,19,8.610833333333334,9.456111111111111,10.107777777777779
2025-12-20,Ataevler Mh.,28154.0,139264.56,29884.0,52908.0,1350,18,7.820555555555556,8.301111111111112,14.696666666666667
2025-12-20,Badırga Mahallesi,10.0,175.33,0.0,0.0,1,1,0.002777777777777778,0.0,0.0
2025-12-20,Badırga Mh.,2979.0,38691.479999999996,2025.0,2025.0,184,2,0.8275,0.5625,0.5625
2025-12-20,Balat Mh.,42447.0,483229.27999999997,45731.0,46063.0,3112,41,11.790833333333333,12.703055555555556,12.795277777777779
2025-12-20,Balat OSB Mh.,3852.0,94785.24,535.0,784.0,537,37,1.07,0.1486111111111111,0.21777777777777776
2025-12-20,Balkan Mh.,22378.0,233951.72999999998,25238.0,25238.0,2625,3,6.216111111111111,7.010555555555555,7.010555555555555
2025-12-20,Barış Mh.,9639.0,62156.4,12815.0,13994.0,481,11,2.6775,3.5597222222222222,3.8872222222222224
2025-12-20,Başköy Mh.,9494.0,119409.67,7761.0,7761.0,750,3,2.6372222222222224,2.1558333333333333,2.1558333333333333
2025-12-20,Beşevler Mh.,36153.0,648384.8400000001,61031.0,106836.0,4446,24,10.0425,16.953055555555554,29.676666666666666
2025-12-20,Büyükbalıklı Mahallesi,10.0,170.93,0.0,0.0,1,1,0.002777777777777778,0.0,0.0
2025-12-20,Büyükbalıklı Mh.,4263.0,66437.27,3159.0,3159.0,362,4,1.1841666666666666,0.8775,0.8775
2025-12-20,Cumhuriyet Mh.,7286.0,62165.64,2776.0,21504.0,360,8,2.023888888888889,0.7711111111111111,5.973333333333334
2025-12-20,Dağyenice Mh.,5070.0,233055.45,3519.0,3519.0,1665,2,1.4083333333333334,0.9775,0.9775
2025-12-20,Demirci Mh.,45302.0,309489.15,39350.0,48221.0,2988,28,12.58388888888889,10.930555555555555,13.394722222222223
2025-12-20,Doğanköy Mh.,19113.0,354898.01,16956.0,17005.0,1998,27,5.309166666666667,4.71,4.723611111111111
2025-12-20,Dumlupınar Mh.,40203.0,299595.38,35735.0,40814.0,2169,9,11.1675,9.926388888888889,11.337222222222222
2025-12-20,Ertuğrul Mh.,16291.0,197839.47,14632.0,15286.0,1235,29,4.525277777777778,4.064444444444445,4.246111111111111
2025-12-20,Esentepe Mh.,6770.0,98552.43000000001,2477.0,7115.0,510,8,1.8805555555555555,0.6880555555555555,1.976388888888889
2025-12-20,Fethiye Mh.,23734.0,138259.5,17690.0,18862.0,1020,19,6.592777777777778,4.913888888888889,5.239444444444445
2025-12-20,Fethiye OSB Mh.,13272.0,346685.05,2342.0,2693.0,1905,37,3.6866666666666665,0.6505555555555556,0.7480555555555556
2025-12-20,Geçit Mh.,46356.0,1028394.51,4076.0,31456.0,5991,41,12.876666666666667,1.1322222222222222,8.737777777777778
2025-12-20,Gökçe Mh.,2368.0,46557.78,1712.0,1712.0,237,4,0.6577777777777778,0.47555555555555556,0.47555555555555556
2025-12-20,Gökçeköy Mahallesi,44.0,942.6600000000001,46.0,46.0,5,1,0.012222222222222223,0.012777777777777779,0.012777777777777779
2025-12-20,Görükle Mh.,56605.0,622567.83,55625.0,76084.0,3432,16,15.723611111111111,15.45138888888889,21.134444444444444
2025-12-20,Gümüştepe Mh.,15929.0,374708.4199999999,22213.0,22213.0,2958,8,4.424722222222222,6.170277777777778,6.170277777777778
2025-12-20,Hasanağa Mh.,546.0,12417.46,12.0,12.0,66,2,0.15166666666666667,0.0033333333333333335,0.0033333333333333335
2025-12-20,Hasanağa OSB Mh.,201.0,3550.0299999999997,0.0,0.0,21,1,0.05583333333333333,0.0,0.0
2025-12-20,Işıktepe Mh.,2970.0,41829.38,81.0,8819.0,223,36,0.825,0.0225,2.4497222222222224
2025-12-20,Işıktepe OSB Mh.,5144.0,131580.2,1856.0,2081.0,746,37,1.4288888888888889,0.5155555555555555,0.5780555555555555
2025-12-20,Karacaoba Mh.,964.0,17293.12,665.0,665.0,107,1,0.2677777777777778,0.18472222222222223,0.18472222222222223
2025-12-20,Karaman Mh.,6424.0,86501.96,3641.0,8868.0,587,7,1.7844444444444445,1.011388888888889,2.4633333333333334
2025-12-20,Kayapa Mh.,5448.0,99734.37999999999,4178.0,4178.0,625,4,1.5133333333333334,1.1605555555555556,1.1605555555555556
2025-12-20,Konak Mh.,46107.0,398446.74,57438.0,62900.0,2746,17,12.8075,15.955,17.47222222222222
2025-12-20,Konaklı Mahallesi,6.0,175.9,0.0,0.0,1,1,0.0016666666666666668,0.0,0.0
2025-12-20,Konaklı Mh.,3922.0,61851.83,2918.0,2918.0,321,3,1.0894444444444444,0.8105555555555556,0.8105555555555556
2025-12-20,Kurtuluş Mh.,2009.0,31309.3,2336.0,2336.0,238,6,0.5580555555555555,0.6488888888888888,0.6488888888888888
2025-12-20,Kültür Mh.,29011.0,287749.95,34937.0,35452.0,2088,10,8.05861111111111,9.704722222222221,9.847777777777777
2025-12-20,Kızılcıklı Mh.,11066.0,248769.04,29656.0,29656.0,2202,2,3.073888888888889,8.237777777777778,8.237777777777778
2025-12-20,Minareliçavuş Bursa OSB Mh.,2479.0,63603.04,725.0,767.0,385,37,0.6886111111111111,0.2013888888888889,0.21305555555555555
2025-12-20,Minareliçavuş Mh.,20815.0,129141.79,19638.0,19638.0,1090,18,5.781944444444444,5.455,5.455
2025-12-20,Minareliçavuş OSB Mh.,1081.0,20951.85,133.0,133.0,138,13,0.30027777777777775,0.036944444444444446,0.036944444444444446
2025-12-20,Nilüferköy Mh.,5852.0,238792.02,309.0,323.0,1373,38,1.6255555555555556,0.08583333333333333,0.08972222222222222
2025-12-20,Odunluk Mh.,8864.0,137290.58,4997.0,10195.0,889,8,2.462222222222222,1.3880555555555556,2.8319444444444444
2025-12-20,Tahtalı Mahallesi,2.0,179.31,0.0,0.0,2,1,0.0005555555555555556,0.0,0.0
2025-12-20,Tahtalı Mh.,796.0,28491.210000000003,47.0,47.0,243,4,0.22111111111111112,0.013055555555555556,0.013055555555555556
2025-12-20,Yapı Kredi Bankası ATM - Bursa Görükle Çek Mahallesi,43.0,775.8100000000001,23.0,43.0,6,3,0.011944444444444445,0.006388888888888889,0.011944444444444445
2025-12-20,Yaylacık Mh.,688.0,18245.72,456.0,456.0,142,7,0.19111111111111112,0.12666666666666668,0.12666666666666668
2025-12-20,Yenikent Mh.,79115.0,1366679.05,367802.0,373815.0,8071,41,21.976388888888888,102.16722222222222,103.8375
2025-12-20,Yolçatı Mh.,29211.0,350636.63,24827.0,30453.0,2213,15,8.114166666666666,6.896388888888889,8.459166666666667
2025-12-20,Yüzüncüyıl Mh.,15215.0,114086.09,13919.0,14442.0,633,14,4.226388888888889,3.866388888888889,4.011666666666667
2025-12-20,Çalı Mh.,35939.0,420014.66000000003,32351.0,42487.0,2158,9,9.983055555555556,8.98638888888889,11.801944444444445
2025-12-20,Çamlıca Mh.,58489.0,305233.73,61290.0,99025.0,2410,10,16.246944444444445,17.025,27.506944444444443
2025-12-20,Çatalağıl Mh.,2344.0,33115.87,1568.0,1568.0,199,1,0.6511111111111111,0.43555555555555553,0.43555555555555553
2025-12-20,Çaylı Mahallesi,5.0,181.86,0.0,0.0,1,1,0.001388888888888889,0.0,0.0
2025-12-20,Çaylı Mh.,1434.0,24663.350000000002,794.0,794.0,123,2,0.3983333333333333,0.22055555555555556,0.22055555555555556
2025-12-20,Özlüce Mh.,8815.0,126843.98,8136.0,8136.0,458,3,2.448611111111111,2.26,2.26
2025-12-20,Ürünlü Mh.,491.0,8699.15,63.0,63.0,47,4,0.1363888888888889,0.0175,0.0175
2025-12-20,Üçevler Mh.,83249.0,1114053.39,54788.0,1386249.0,6407,42,23.12472222222222,15.21888888888889,385.06916666666666
2025-12-20,İhsaniye Mh.,36431.0,260040.03,46588.0,47422.0,2153,10,10.119722222222222,12.94111111111111,13.172777777777778
2025-12-20,İrfaniye Mahallesi,13.0,296.41999999999996,0.0,0.0,2,1,0.003611111111111111,0.0,0.0
2025-12-20,İrfaniye Mh.,6516.0,86112.70999999999,6573.0,6573.0,539,5,1.81,1.8258333333333334,1.8258333333333334
2025-12-21,19 Mayıs Mh.,4448.0,23447.64,8259.0,8259.0,105,2,1.2355555555555555,2.2941666666666665,2.2941666666666665
2025-12-21,23 Nisan Mh.,16698.0,318579.28,15079.0,15351.0,960,16,4.638333333333334,4.188611111111111,4.264166666666667
2025-12-21,29 Ekim Mh.,10650.0,200400.82,8882.0,10162.0,659,11,2.9583333333333335,2.4672222222222224,2.8227777777777776
2025-12-21,30 Ağustos Zafer Mh.,18334.0,152434.05,15504.0,35671.0,634,1,5.092777777777778,4.306666666666667,9.908611111111112
2025-12-21,Ahmet Yesevi Mh.,3109.0,74787.69,1179.0,1429.0,259,14,0.8636111111111111,0.3275,0.39694444444444443
2025-12-21,Alaaddinbey Mh.,1681161.0,2420750.92,97210276.0,389354794.0,12573,41,466.9891666666667,27002.854444444445,108154.10944444445
2025-12-21,Altınşehir Mh.,8344.0,139047.34,6169.0,28483.0,435,5,2.3177777777777777,1.7136111111111112,7.911944444444444
2025-12-21,Ataevler Mh.,6282.0,106131.55,5205.0,5537.0,429,10,1.745,1.4458333333333333,1.5380555555555555
2025-12-21,Balat Mh.,4256.0,163197.0,574.0,574.0,540,14,1.1822222222222223,0.15944444444444444,0.15944444444444444
2025-12-21,Balat OSB Mh.,1059.0,31272.4,69.0,155.0,99,15,0.2941666666666667,0.019166666666666665,0.043055555555555555
2025-12-21,Balkan Mh.,9397.0,109735.65,4184.0,20478.0,441,3,2.6102777777777777,1.1622222222222223,5.6883333333333335
2025-12-21,Barış Mh.,4539.0,65683.28,7078.0,8406.0,189,6,1.2608333333333333,1.9661111111111111,2.335
2025-12-21,Beşevler Mh.,27084.0,301750.5,21752.0,30546.0,1535,11,7.523333333333333,6.042222222222223,8.485
2025-12-21,Cumhuriyet Mh.,5791.0,68780.82,8465.0,8736.0,277,5,1.6086111111111112,2.3513888888888888,2.4266666666666667
2025-12-21,Demirci Mh.,2269.0,82772.89,575.0,839.0,241,9,0.6302777777777778,0.1597222222222222,0.23305555555555554
2025-12-21,Doğanköy Mh.,1892.0,65667.88,20.0,20.0,197,9,0.5255555555555556,0.005555555555555556,0.005555555555555556
2025-12-21,Dumlupınar Mh.,43799.0,505240.68,23234.0,50489.0,2010,8,12.16638888888889,6.453888888888889,14.024722222222222
2025-12-21,Ertuğrul Mh.,4291.0,105089.45999999999,2858.0,3486.0,348,10,1.1919444444444445,0.7938888888888889,0.9683333333333334
2025-12-21,Esentepe Mh.,9922.0,105853.43,4411.0,12362.0,337,8,2.756111111111111,1.2252777777777777,3.4338888888888888
2025-12-21,Fethiye Mh.,9755.0,122506.73999999999,4368.0,12728.0,422,9,2.709722222222222,1.2133333333333334,3.5355555555555553
2025-12-21,Fethiye OSB Mh.,3959.0,144370.84,862.0,1078.0,473,15,1.0997222222222223,0.23944444444444443,0.29944444444444446
2025-12-21,Geçit Mh.,17395.0,447828.85,1886.0,33814.0,1468,15,4.831944444444445,0.5238888888888888,9.392777777777777
2025-12-21,Görükle Mh.,36771.0,627180.52,23007.0,36612.0,2043,11,10.214166666666667,6.390833333333333,10.17
2025-12-21,Gümüştepe Mh.,1010.0,12018.47,670.0,704.0,90,1,0.28055555555555556,0.18611111111111112,0.19555555555555557
2025-12-21,Işıktepe Mh.,1272.0,20405.64,2636.0,2654.0,73,14,0.35333333333333333,0.7322222222222222,0.7372222222222222
2025-12-21,Işıktepe OSB Mh.,1505.0,67569.94,327.0,409.0,222,15,0.41805555555555557,0.09083333333333334,0.11361111111111111
2025-12-21,Karaman Mh.,2437.0,39502.17,543.0,3907.0,129,6,0.6769444444444445,0.15083333333333335,1.0852777777777778
2025-12-21,Kayapa Mh.,9.0,246.16,147.0,147.0,1,1,0.0025,0.04083333333333333,0.04083333333333333
2025-12-21,Konak Mh.,12640.0,147599.55,21381.0,22264.0,477,7,3.511111111111111,5.939166666666667,6.184444444444445
2025-12-21,Kurtuluş Mh.,10115.0,96694.02,8616.0,8724.0,471,4,2.8097222222222222,2.3933333333333335,2.4233333333333333
2025-12-21,Kültür Mh.,952.0,17945.74,254.0,517.0,69,4,0.2644444444444444,0.07055555555555555,0.1436111111111111
2025-12-21,Kızılcıklı Mh.,767.0,10252.99,1164.0,1164.0,45,1,0.21305555555555555,0.3233333333333333,0.3233333333333333
2025-12-21,Minareliçavuş Bursa OSB Mh.,402.0,16620.54,0.0,0.0,55,15,0.11166666666666666,0.0,0.0
2025-12-21,Minareliçavuş Mh.,248.0,5958.780000000001,83.0,83.0,24,3,0.06888888888888889,0.023055555555555555,0.023055555555555555
2025-12-21,Minareliçavuş OSB Mh.,220.0,6212.59,26.0,26.0,25,2,0.06111111111111111,0.007222222222222222,0.007222222222222222
2025-12-21,Nilüferköy Mh.,1536.0,107255.98,0.0,0.0,340,14,0.4266666666666667,0.0,0.0
2025-12-21,Odunluk Mh.,5797.0,41672.899999999994,3902.0,10651.0,246,3,1.6102777777777777,1.083888888888889,2.9586111111111113
2025-12-21,Yapı Kredi Bankası ATM - Bursa Görükle Çek Mahallesi,22.0,704.55,31.0,31.0,3,2,0.006111111111111111,0.008611111111111111,0.008611111111111111
2025-12-21,Yapı Kredi Bankası ATM - Nilüfer Çalı Mahallesi,15.0,717.9000000000001,0.0,10.0,2,2,0.004166666666666667,0.0,0.002777777777777778
2025-12-21,Yaylacık Mh.,80.0,3391.08,0.0,0.0,9,3,0.022222222222222223,0.0,0.0
2025-12-21,Yenikent Mh.,18463.0,511144.49,7386.0,9077.0,1681,15,5.128611111111111,2.0516666666666667,2.5213888888888887
2025-12-21,Yolçatı Mh.,1180.0,36690.68,0.0,0.0,118,8,0.3277777777777778,0.0,0.0
2025-12-21,Yüzüncüyıl Mh.,954.0,29321.12,0.0,272.0,102,11,0.265,0.0,0.07555555555555556
2025-12-21,Çalı Mh.,14004.0,237612.04,12579.0,14883.0,610,2,3.89,3.4941666666666666,4.134166666666666
2025-12-21,Çamlıca Mh.,1496.0,24710.74,2215.0,2847.0,83,3,0.41555555555555557,0.6152777777777778,0.7908333333333334
2025-12-21,Özlüce Mh.,665.0,9532.19,382.0,382.0,56,1,0.18472222222222223,0.10611111111111111,0.10611111111111111
2025-12-21,Ürünlü Mh.,259.0,11277.92,0.0,0.0,30,3,0.07194444444444445,0.0,0.0
2025-12-21,Üçevler Mh.,101663.0,512926.09,25879.0,12311474.0,2004,18,28.239722222222223,7.188611111111111,3419.853888888889
2025-12-21,İhsaniye Mh.,14455.0,167158.46,22476.0,24195.0,597,9,4.0152777777777775,6.243333333333333,6.720833333333333
2025-12-21,İrfaniye Mh.,86.0,2238.9700000000003,29.0,29.0,10,1,0.02388888888888889,0.008055555555555555,0.008055555555555555
2025-12-22,19 Mayıs Mh.,26623.0,360378.4,25387.0,25387.0,1699,5,7.395277777777777,7.051944444444445,7.051944444444445
2025-12-22,23 Nisan Mh.,11374.0,401504.14999999997,8318.0,8343.0,1420,39,3.1594444444444445,2.3105555555555557,2.3175
2025-12-22,29 Ekim Mh.,17981.0,371546.27,14522.0,17636.0,1090,19,4.994722222222222,4.033888888888889,4.898888888888889
2025-12-22,30 Ağustos Zafer Mh.,37261.0,415229.67,36076.0,36076.0,1532,9,10.350277777777778,10.02111111111111,10.02111111111111
2025-12-22,Ahmet Yesevi Mh.,12622.0,406711.33,7482.0,7482.0,1560,41,3.506111111111111,2.078333333333333,2.078333333333333
2025-12-22,Akçalar Mh.,18705.0,443737.12,16532.0,18111.0,1082,2,5.195833333333334,4.592222222222222,5.030833333333334
2025-12-22,Alaaddinbey Mh.,1165508.0,3434666.81,7606779.0,68814358.0,13244,43,323.7522222222222,2112.994166666667,19115.099444444444
2025-12-22,Altınşehir Mh.,17533.0,305768.51,26309.0,26768.0,844,11,4.870277777777778,7.308055555555556,7.435555555555555
2025-12-22,Ataevler Mh.,14431.0,239721.07,20868.0,20994.0,911,20,4.008611111111111,5.796666666666667,5.831666666666667
2025-12-22,Atlas Mahallesi,6.0,1192.65,0.0,0.0,6,1,0.0016666666666666668,0.0,0.0
2025-12-22,Atlas Mh.,3944.0,456281.31,3394.0,3394.0,2361,1,1.0955555555555556,0.9427777777777778,0.9427777777777778
2025-12-22,Ayvaköy Mahallesi,8.0,291.4,0.0,0.0,1,1,0.0022222222222222222,0.0,0.0
2025-12-22,Ayvaköy Mh.,1350.0,22939.07,1879.0,1879.0,79,1,0.375,0.5219444444444444,0.5219444444444444
2025-12-22,Balat Mh.,35778.0,1016451.04,32310.0,59889.0,3702,42,9.938333333333333,8.975,16.635833333333334
2025-12-22,Balat OSB Mh.,3806.0,173921.33,137.0,137.0,637,39,1.0572222222222223,0.03805555555555556,0.03805555555555556
2025-12-22,Balkan Mh.,35861.0,914622.04,40067.0,67227.0,4511,5,9.961388888888889,11.129722222222222,18.674166666666668
2025-12-22,Barış Mh.,23485.0,415091.56,3007.0,31178.0,1060,12,6.523611111111111,0.8352777777777778,8.660555555555556
2025-12-22,Başköy Mh.,3880.0,154210.4,1410.0,1410.0,386,4,1.0777777777777777,0.39166666666666666,0.39166666666666666
2025-12-22,Beşevler Mh.,14602.0,381106.21,7130.0,11198.0,1263,27,4.056111111111111,1.9805555555555556,3.1105555555555555
2025-12-22,Büyükbalıklı Mh.,460.0,22299.64,0.0,0.0,55,3,0.12777777777777777,0.0,0.0
2025-12-22,Cumhuriyet Mh.,38294.0,343077.94,45158.0,45933.0,1532,10,10.637222222222222,12.543888888888889,12.759166666666667
2025-12-22,Demirci Mh.,7431.0,313180.94,3093.0,4156.0,1206,23,2.0641666666666665,0.8591666666666666,1.1544444444444444
2025-12-22,Doğanköy Mh.,16570.0,603139.79,15395.0,15395.0,1857,26,4.602777777777778,4.276388888888889,4.276388888888889
2025-12-22,Dumlupınar Mh.,51132.0,788700.78,50240.0,55425.0,2846,13,14.203333333333333,13.955555555555556,15.395833333333334
2025-12-22,Ertuğrul Mh.,11382.0,245977.85,9879.0,10408.0,741,24,3.1616666666666666,2.7441666666666666,2.891111111111111
2025-12-22,Esentepe Mh.,37518.0,516504.05,47893.0,49104.0,2533,12,10.421666666666667,13.303611111111111,13.64
2025-12-22,Fadıllı Mh.,2573.0,50197.23,2328.0,2328.0,169,1,0.7147222222222223,0.6466666666666666,0.6466666666666666
2025-12-22,Fethiye Mh.,26280.0,374803.38,18063.0,18305.0,1424,23,7.3,5.0175,5.084722222222222
2025-12-22,Fethiye OSB Mh.,15307.0,845744.86,3665.0,3910.0,2749,39,4.251944444444445,1.0180555555555555,1.086111111111111
2025-12-22,Geçit Mh.,67811.0,2950607.9899999998,18481.0,88402.0,10612,42,18.836388888888887,5.133611111111111,24.55611111111111
2025-12-22,Gökçe Mh.,191.0,8783.85,0.0,0.0,22,3,0.05305555555555556,0.0,0.0
2025-12-22,Görükle Mh.,68792.0,1999483.8,54351.0,74615.0,5240,20,19.108888888888888,15.0975,20.726388888888888
2025-12-22,Gümüştepe Mh.,12728.0,778779.6299999999,18455.0,18455.0,3200,3,3.5355555555555553,5.126388888888889,5.126388888888889
2025-12-22,Güngören Mh.,3320.0,60325.08,2789.0,2789.0,230,1,0.9222222222222223,0.7747222222222222,0.7747222222222222
2025-12-22,Hasanağa Mh.,7062.0,573388.96,8742.0,8742.0,2422,3,1.9616666666666667,2.4283333333333332,2.4283333333333332
2025-12-22,Hasanağa OSB Mh.,210.0,8517.68,0.0,0.0,22,1,0.058333333333333334,0.0,0.0
2025-12-22,Işıktepe Mh.,8313.0,123461.84999999999,16013.0,17000.0,402,39,2.3091666666666666,4.448055555555555,4.722222222222222
2025-12-22,Işıktepe OSB Mh.,7297.0,332856.48,5197.0,5483.0,1047,39,2.0269444444444447,1.4436111111111112,1.5230555555555556
2025-12-22,Kadriye Mahallesi,1.0,198.77,0.0,0.0,1,1,0.0002777777777777778,0.0,0.0
2025-12-22,Kadriye Mh.,1938.0,250331.89,1608.0,1608.0,1247,1,0.5383333333333333,0.44666666666666666,0.44666666666666666
2025-12-22,Karacaoba Mh.,160.0,6241.38,0.0,0.0,18,1,0.044444444444444446,0.0,0.0
2025-12-22,Karaman Mh.,30471.0,330709.26,72426.0,100390.0,1500,9,8.464166666666667,20.118333333333332,27.886111111111113
2025-12-22,Kayapa Mh.,21073.0,429447.48,17651.0,20485.0,1821,7,5.853611111111111,4.9030555555555555,5.690277777777778
2025-12-22,Konak Mh.,64835.0,898210.54,101299.0,111321.0,3392,14,18.009722222222223,28.13861111111111,30.9225
2025-12-22,Korubaşı Mh.,2112.0,33618.64,1591.0,1591.0,121,1,0.5866666666666667,0.4419444444444444,0.4419444444444444
2025-12-22,Kurtuluş Mh.,19463.0,437033.61,18003.0,18003.0,1637,10,5.4063888888888885,5.0008333333333335,5.0008333333333335
2025-12-22,Kuruçeşme Mh.,1549.0,31416.91,1014.0,1014.0,123,1,0.43027777777777776,0.2816666666666667,0.2816666666666667
2025-12-22,Kültür Mh.,1144.0,62341.3,148.0,554.0,187,7,0.31777777777777777,0.04111111111111111,0.15388888888888888
2025-12-22,Kızılcıklı Mh.,15041.0,785345.81,39009.0,39009.0,3281,3,4.178055555555556,10.835833333333333,10.835833333333333
2025-12-22,Makşempınarı Mh.,3055.0,54959.03,2244.0,2244.0,203,1,0.8486111111111111,0.6233333333333333,0.6233333333333333
2025-12-22,Minareliçavuş Bursa OSB Mh.,1616.0,110919.93,11.0,11.0,374,39,0.4488888888888889,0.0030555555555555557,0.0030555555555555557
2025-12-22,Minareliçavuş Mh.,3374.0,45331.4,6971.0,6971.0,130,12,0.9372222222222222,1.936388888888889,1.936388888888889
2025-12-22,Minareliçavuş OSB Mh.,617.0,19500.989999999998,66.0,66.0,75,5,0.1713888888888889,0.018333333333333333,0.018333333333333333
2025-12-22,Nilüferköy Mh.,7432.0,590532.58,51.0,51.0,2079,41,2.0644444444444443,0.014166666666666666,0.014166666666666666
2025-12-22,Odunluk Mh.,46172.0,546810.13,59599.0,65271.0,2566,8,12.825555555555555,16.55527777777778,18.13083333333333
2025-12-22,Tahtalı Mahallesi,33.0,1711.8400000000001,0.0,0.0,6,4,0.009166666666666667,0.0,0.0
2025-12-22,Tahtalı Mh.,13364.0,237793.19,9417.0,14642.0,1175,8,3.712222222222222,2.6158333333333332,4.067222222222222
2025-12-22,Unçukuru Mh.,1910.0,47149.27,1263.0,1263.0,166,1,0.5305555555555556,0.35083333333333333,0.35083333333333333
2025-12-22,Yapı Kredi Bankası ATM - Bursa Görükle Çek Mahallesi,115.0,1639.65,22.0,40.0,6,3,0.03194444444444444,0.006111111111111111,0.011111111111111112
2025-12-22,Yapı Kredi Bankası ATM - Nilüfer Balkan Mahallesi,4.0,261.37,0.0,0.0,1,1,0.0011111111111111111,0.0,0.0
2025-12-22,Yaylacık Mh.,19258.0,432291.20999999996,20282.0,20282.0,1182,10,5.349444444444444,5.6338888888888885,5.6338888888888885
2025-12-22,Yenikent Mh.,112757.0,4056371.56,81350.0,111884.0,14618,42,31.32138888888889,22.59722222222222,31.07888888888889
2025-12-22,Yolçatı Mh.,6515.0,348237.61,1143.0,1143.0,1050,18,1.8097222222222222,0.3175,0.3175
2025-12-22,Yüzüncüyıl Mh.,20426.0,284666.33999999997,21553.0,22155.0,831,16,5.6738888888888885,5.986944444444444,6.154166666666667
2025-12-22,Çalı Mh.,37059.0,935724.65,31476.0,68628.0,3121,10,10.294166666666667,8.743333333333334,19.063333333333333
2025-12-22,Çamlıca Mh.,2438.0,148217.27000000002,1954.0,3374.0,510,4,0.6772222222222222,0.5427777777777778,0.9372222222222222
2025-12-22,Çatalağıl Mh.,530.0,9014.82,0.0,0.0,26,1,0.14722222222222223,0.0,0.0
2025-12-22,Özlüce Mh.,12016.0,237265.8,10887.0,10887.0,677,5,3.3377777777777777,3.0241666666666664,3.0241666666666664
2025-12-22,Ürünlü Mh.,14886.0,209829.38,11403.0,18446.0,1040,4,4.135,3.1675,5.123888888888889
2025-12-22,Üçevler Mh.,196650.0,2527802.18,7429849.0,11618081.0,8749,43,54.625,2063.8469444444445,3227.244722222222
2025-12-22,İhsaniye Mh.,67331.0,955501.91,124992.0,126261.0,5153,13,18.703055555555554,34.72,35.0725
2025-12-22,İrfaniye Mh.,972.0,60147.72,189.0,189.0,236,7,0.27,0.0525,0.0525
2025-12-23,19 Mayıs Mh.,1204.0,31748.38,2566.0,2566.0,87,5,0.33444444444444443,0.7127777777777777,0.7127777777777777
2025-12-23,23 Nisan Mh.,29739.0,790860.25,13999.0,33113.0,1704,40,8.260833333333334,3.888611111111111,9.198055555555555
2025-12-23,29 Ekim Mh.,15670.0,597798.48,13334.0,14185.0,1154,19,4.352777777777778,3.703888888888889,3.9402777777777778
2025-12-23,30 Ağustos Zafer Mh.,128.0,12618.53,29.0,29.0,30,3,0.035555555555555556,0.008055555555555555,0.008055555555555555
2025-12-23,Ahmet Yesevi Mh.,27247.0,637934.52,33741.0,34134.0,1651,42,7.568611111111111,9.3725,9.481666666666667
2025-12-23,Akçalar Mahallesi,20.0,868.61,0.0,0.0,2,2,0.005555555555555556,0.0,0.0
2025-12-23,Akçalar Mh.,21175.0,810717.2100000001,18222.0,19994.0,1529,3,5.881944444444445,5.0616666666666665,5.553888888888889
2025-12-23,Alaaddinbey Mh.,1170728.0,4377619.83,11976590.0,141135902.0,11505,42,325.20222222222225,3326.8305555555557,39204.41722222222
2025-12-23,Altınşehir Mh.,20288.0,480211.20999999996,20761.0,22098.0,1088,13,5.635555555555555,5.766944444444444,6.138333333333334
2025-12-23,Ataevler Mh.,33373.0,576315.57,36970.0,50411.0,1719,25,9.270277777777778,10.269444444444444,14.003055555555555
2025-12-23,Badırga Mahallesi,20.0,832.33,0.0,0.0,2,1,0.005555555555555556,0.0,0.0
2025-12-23,Badırga Mh.,2644.0,84707.47,1921.0,1921.0,162,2,0.7344444444444445,0.5336111111111111,0.5336111111111111
2025-12-23,Balat Mh.,41556.0,1144339.1,39076.0,39526.0,2958,42,11.543333333333333,10.854444444444445,10.979444444444445
2025-12-23,Balat OSB Mh.,5072.0,224994.54,795.0,914.0,552,41,1.4088888888888889,0.22083333333333333,0.2538888888888889
2025-12-23,Balkan Mh.,19427.0,892928.52,22683.0,23901.0,2836,3,5.396388888888889,6.300833333333333,6.639166666666667
2025-12-23,Barış Mh.,9778.0,209432.19,13165.0,13165.0,576,12,2.716111111111111,3.6569444444444446,3.6569444444444446
2025-12-23,Başköy Mh.,11347.0,366627.37,8776.0,8920.0,886,3,3.1519444444444447,2.437777777777778,2.477777777777778
2025-12-23,Beşevler Mh.,37121.0,1399172.6199999999,52545.0,97977.0,3748,29,10.311388888888889,14.595833333333333,27.215833333333332
2025-12-23,Büyükbalıklı Mahallesi,29.0,2108.36,10.0,10.0,5,1,0.008055555555555555,0.002777777777777778,0.002777777777777778
2025-12-23,Büyükbalıklı Mh.,3718.0,165187.69,2576.0,2576.0,368,4,1.0327777777777778,0.7155555555555555,0.7155555555555555
2025-12-23,Cumhuriyet Mh.,6870.0,285088.01,2699.0,10552.0,541,9,1.9083333333333334,0.7497222222222222,2.931111111111111
2025-12-23,Dağyenice Mh.,3447.0,74870.21,1009.0,4534.0,247,1,0.9575,0.2802777777777778,1.2594444444444444
2025-12-23,Demirci Mh.,59238.0,1044027.34,54218.0,66375.0,3373,30,16.455,15.060555555555556,18.4375
2025-12-23,Doğanköy Mh.,19281.0,641920.55,24823.0,24823.0,1481,19,5.355833333333333,6.895277777777777,6.895277777777777
2025-12-23,Dumlupınar Mh.,45863.0,1073121.46,41887.0,48694.0,2401,10,12.739722222222222,11.635277777777778,13.526111111111112
2025-12-23,Ertuğrul Mh.,9711.0,328089.18,8177.0,8180.0,781,21,2.6975,2.2713888888888887,2.272222222222222
2025-12-23,Esentepe Mh.,19349.0,624779.42,33803.0,54478.0,2074,12,5.374722222222222,9.389722222222222,15.132777777777777
2025-12-23,Fethiye Mh.,24899.0,499495.37,21393.0,22892.0,1215,22,6.916388888888889,5.9425,6.358888888888889
2025-12-23,Fethiye OSB Mh.,14060.0,869405.62,2953.0,3239.0,2054,41,3.9055555555555554,0.8202777777777778,0.8997222222222222
2025-12-23,Geçit Mh.,56366.0,2820792.27,12603.0,43750.0,7066,42,15.657222222222222,3.5008333333333335,12.152777777777779
2025-12-23,Gökçe Mh.,2349.0,98884.45000000001,1797.0,1797.0,213,3,0.6525,0.49916666666666665,0.49916666666666665
2025-12-23,Gökçeköy Mahallesi,10.0,872.03,3.0,3.0,2,1,0.002777777777777778,0.0008333333333333334,0.0008333333333333334
2025-12-23,Görükle Mh.,52748.0,1864990.44,68539.0,94120.0,3317,13,14.652222222222223,19.038611111111113,26.144444444444446
2025-12-23,Gümüştepe Mh.,13614.0,264736.9,15873.0,15977.0,1011,8,3.7816666666666667,4.409166666666667,4.438055555555556
2025-12-23,Hasanağa Mh.,293.0,19387.54,7.0,7.0,36,2,0.08138888888888889,0.0019444444444444444,0.0019444444444444444
2025-12-23,Hasanağa OSB Mh.,197.0,10879.210000000001,0.0,0.0,20,1,0.05472222222222222,0.0,0.0
2025-12-23,Işıktepe Mh.,1508.0,110484.83,0.0,0.0,257,38,0.41888888888888887,0.0,0.0
2025-12-23,Işıktepe OSB Mh.,5956.0,392434.54,1663.0,1834.0,935,39,1.6544444444444444,0.46194444444444444,0.5094444444444445
2025-12-23,Karacaoba Mh.,2984.0,101045.09,2248.0,2248.0,252,1,0.8288888888888889,0.6244444444444445,0.6244444444444445
2025-12-23,Karaman Mh.,6979.0,298129.01,22565.0,25068.0,889,10,1.938611111111111,6.268055555555556,6.963333333333333
2025-12-23,Kayapa Mh.,1715.0,74289.18,1291.0,1291.0,137,2,0.47638888888888886,0.3586111111111111,0.3586111111111111
2025-12-23,Konak Mh.,39256.0,891400.44,41182.0,43489.0,1936,14,10.904444444444444,11.439444444444444,12.080277777777777
2025-12-23,Konaklı Mahallesi,10.0,424.48,0.0,0.0,1,1,0.002777777777777778,0.0,0.0
2025-12-23,Konaklı Mh.,4202.0,153340.57,3354.0,3354.0,332,3,1.1672222222222222,0.9316666666666666,0.9316666666666666
2025-12-23,Kurtuluş Mh.,1310.0,85189.66,895.0,895.0,223,5,0.3638888888888889,0.24861111111111112,0.24861111111111112
2025-12-23,Kültür Mh.,35988.0,624827.57,48444.0,48444.0,1703,10,9.996666666666666,13.456666666666667,13.456666666666667
2025-12-23,Kızılcıklı Mh.,7645.0,701278.69,11094.0,24836.0,2052,1,2.123611111111111,3.0816666666666666,6.898888888888889
2025-12-23,Minareliçavuş Bursa OSB Mh.,3259.0,139125.94,1469.0,1469.0,354,41,0.9052777777777777,0.40805555555555556,0.40805555555555556
2025-12-23,Minareliçavuş Mh.,26899.0,221432.26,36681.0,37586.0,1109,15,7.4719444444444445,10.189166666666667,10.440555555555555
2025-12-23,Minareliçavuş OSB Mh.,2224.0,69501.58,991.0,1570.0,179,10,0.6177777777777778,0.2752777777777778,0.4361111111111111
2025-12-23,Nilüferköy Mh.,6116.0,614390.13,234.0,234.0,1504,42,1.698888888888889,0.065,0.065
2025-12-23,Odunluk Mh.,8876.0,209633.74,4311.0,9690.0,527,7,2.4655555555555555,1.1975,2.691666666666667
2025-12-23,Tahtalı Mahallesi,10.0,548.6,0.0,0.0,1,1,0.002777777777777778,0.0,0.0
2025-12-23,Tahtalı Mh.,1096.0,52476.770000000004,470.0,470.0,97,2,0.30444444444444446,0.13055555555555556,0.13055555555555556
2025-12-23,Yapı Kredi Bankası ATM - Bursa Görükle Çek Mahallesi,45.0,3079.06,18.0,18.0,6,3,0.0125,0.005,0.005
2025-12-23,Yapı Kredi Bankası ATM - Nilüfer Çalı Mahallesi,10.0,760.2,0.0,0.0,1,1,0.002777777777777778,0.0,0.0
2025-12-23,Yaylacık Mh.,1333.0,51751.91,1578.0,1578.0,86,4,0.37027777777777776,0.43833333333333335,0.43833333333333335
2025-12-23,Yenikent Mh.,109858.0,4127359.2600000002,94066.0,103949.0,10457,42,30.516111111111112,26.129444444444445,28.87472222222222
2025-12-23,Yolçatı Mh.,35558.0,811536.52,32011.0,41911.0,2187,13,9.877222222222223,8.891944444444444,11.641944444444444
2025-12-23,Yüzüncüyıl Mh.,16874.0,377615.86,18745.0,18745.0,784,15,4.687222222222222,5.206944444444445,5.206944444444445
2025-12-23,Çalı Mh.,37468.0,1203522.8099999998,38949.0,51910.0,2039,6,10.407777777777778,10.819166666666666,14.419444444444444
2025-12-23,Çamlıca Mh.,63706.0,904820.9,74271.0,90012.0,2441,8,17.69611111111111,20.63083333333333,25.003333333333334
2025-12-23,Çatalağıl Mh.,2412.0,89396.49,1640.0,1640.0,219,1,0.67,0.45555555555555555,0.45555555555555555
2025-12-23,Çaylı Mahallesi,9.0,422.93,0.0,0.0,1,1,0.0025,0.0,0.0
2025-12-23,Çaylı Mh.,1388.0,50509.58,814.0,814.0,105,2,0.38555555555555554,0.22611111111111112,0.22611111111111112
2025-12-23,Özlüce Mh.,8884.0,255542.55999999997,7472.0,7472.0,545,5,2.4677777777777776,2.0755555555555554,2.0755555555555554
2025-12-23,Ürünlü Mh.,396.0,27473.17,0.0,0.0,45,3,0.11,0.0,0.0
2025-12-23,Üçevler Mh.,201995.0,3049390.86,56451202.0,59046767.0,7559,43,56.109722222222224,15680.889444444445,16401.879722222224
2025-12-23,İhsaniye Mh.,46482.0,1301283.3299999998,55568.0,61217.0,4351,11,12.911666666666667,15.435555555555556,17.004722222222224
2025-12-23,İrfaniye Mahallesi,3.0,395.28,0.0,0.0,1,1,0.0008333333333333334,0.0,0.0
2025-12-23,İrfaniye Mh.,6862.0,266834.46,5475.0,5475.0,666,6,1.906111111111111,1.5208333333333333,1.5208333333333333
2025-12-24,19 Mayıs Mh.,22654.0,677479.3200000001,16153.0,21084.0,1680,6,6.292777777777777,4.486944444444444,5.8566666666666665
2025-12-24,23 Nisan Mh.,9810.0,560256.74,5806.0,5832.0,1129,39,2.725,1.6127777777777779,1.62
2025-12-24,29 Ekim Mh.,17594.0,737599.9500000001,14675.0,18662.0,1214,24,4.887222222222222,4.076388888888889,5.183888888888889
2025-12-24,30 Ağustos Zafer Mh.,40094.0,822351.56,38688.0,38688.0,1690,10,11.137222222222222,10.746666666666666,10.746666666666666
2025-12-24,Ahmet Yesevi Mh.,11573.0,503332.21,8802.0,9329.0,1025,40,3.214722222222222,2.445,2.591388888888889
2025-12-24,Akçalar Mahallesi,10.0,817.32,0.0,0.0,1,1,0.002777777777777778,0.0,0.0
2025-12-24,Akçalar Mh.,18219.0,1017707.8099999999,15306.0,19971.0,1296,2,5.060833333333333,4.251666666666667,5.5475
2025-12-24,Alaaddinbey Mh.,1297109.0,7113407.09,18286933.0,205342098.0,15476,43,360.30805555555554,5079.703611111111,57039.471666666665
2025-12-24,Altınşehir Mh.,16301.0,621156.52,18620.0,19051.0,1228,12,4.5280555555555555,5.1722222222222225,5.291944444444445
2025-12-24,Ataevler Mh.,7430.0,307714.05,5475.0,5830.0,620,21,2.063888888888889,1.5208333333333333,1.6194444444444445
2025-12-24,Atlas Mh.,1327.0,397589.29,872.0,872.0,1036,1,0.3686111111111111,0.24222222222222223,0.24222222222222223
2025-12-24,Ayvaköy Mahallesi,9.0,535.82,0.0,0.0,1,1,0.0025,0.0,0.0
2025-12-24,Ayvaköy Mh.,608.0,36381.18,251.0,251.0,68,1,0.1688888888888889,0.06972222222222223,0.06972222222222223
2025-12-24,Balat Mh.,26152.0,1316575.1300000001,28246.0,28645.0,2547,40,7.264444444444444,7.846111111111111,7.956944444444445
2025-12-24,Balat OSB Mh.,3036.0,208463.64,149.0,223.0,415,39,0.8433333333333334,0.04138888888888889,0.06194444444444445
2025-12-24,Balkan Mh.,27229.0,1657109.02,30624.0,60886.0,4023,5,7.563611111111111,8.506666666666666,16.912777777777777
2025-12-24,Barış Mh.,21055.0,613285.27,18118.0,23304.0,965,11,5.848611111111111,5.032777777777778,6.473333333333334
2025-12-24,Başköy Mh.,3394.0,226827.08000000002,1789.0,1789.0,326,4,0.9427777777777778,0.49694444444444447,0.49694444444444447
2025-12-24,Beşevler Mh.,12711.0,760903.8700000001,5191.0,9437.0,1788,26,3.5308333333333333,1.4419444444444445,2.6213888888888888
2025-12-24,Büyükbalıklı Mh.,1243.0,44113.380000000005,600.0,600.0,68,3,0.3452777777777778,0.16666666666666666,0.16666666666666666
2025-12-24,Cumhuriyet Mh.,33562.0,544836.25,32446.0,52601.0,1359,8,9.322777777777778,9.012777777777778,14.61138888888889
2025-12-24,Demirci Mh.,5795.0,467296.12,1962.0,2700.0,1060,24,1.6097222222222223,0.545,0.75
2025-12-24,Doğanköy Mh.,9971.0,688187.2,9113.0,9113.0,1288,24,2.769722222222222,2.531388888888889,2.531388888888889
2025-12-24,Dumlupınar Mh.,45869.0,1517241.04,42083.0,49065.0,2700,14,12.741388888888888,11.689722222222223,13.629166666666666
2025-12-24,Ertuğrul Mh.,12732.0,505171.81,9883.0,10500.0,1000,26,3.5366666666666666,2.745277777777778,2.9166666666666665
2025-12-24,Esentepe Mh.,34398.0,940034.58,41258.0,51744.0,2364,11,9.555,11.460555555555555,14.373333333333333
2025-12-24,Fadıllı Mahallesi,9.0,540.21,0.0,0.0,1,1,0.0025,0.0,0.0
2025-12-24,Fadıllı Mh.,2633.0,100245.15,1899.0,1899.0,185,1,0.7313888888888889,0.5275,0.5275
2025-12-24,Fethiye Mh.,18069.0,431869.7,11228.0,14627.0,811,18,5.019166666666667,3.118888888888889,4.063055555555556
2025-12-24,Fethiye OSB Mh.,11446.0,1025429.8,1751.0,1992.0,1945,39,3.1794444444444445,0.48638888888888887,0.5533333333333333
2025-12-24,Geçit Mh.,46053.0,3160257.96,9376.0,29405.0,5950,41,12.7925,2.6044444444444443,8.168055555555556
2025-12-24,Gökçe Mh.,160.0,13627.48,0.0,0.0,19,3,0.044444444444444446,0.0,0.0
2025-12-24,Görükle Mh.,61505.0,3064553.95,48551.0,61354.0,4623,21,17.084722222222222,13.48638888888889,17.04277777777778
2025-12-24,Gümüştepe Mh.,1519.0,40394.93,894.0,894.0,149,3,0.42194444444444446,0.24833333333333332,0.24833333333333332
2025-12-24,Güngören Mh.,1785.0,96204.18,881.0,881.0,189,1,0.49583333333333335,0.24472222222222223,0.24472222222222223
2025-12-24,Hasanağa Mh.,10459.0,1163709.1099999999,14748.0,51387.0,2710,3,2.9052777777777776,4.096666666666667,14.274166666666666
2025-12-24,Hasanağa OSB Mh.,221.0,18170.16,0.0,0.0,23,1,0.06138888888888889,0.0,0.0
2025-12-24,Işıktepe Mh.,7295.0,230585.44,9590.0,9590.0,462,39,2.026388888888889,2.6638888888888888,2.6638888888888888
2025-12-24,Işıktepe OSB Mh.,5727.0,481613.58,2544.0,2676.0,920,39,1.5908333333333333,0.7066666666666667,0.7433333333333333
2025-12-24,Karacaoba Mh.,465.0,17157.13,39.0,275.0,27,1,0.12916666666666668,0.010833333333333334,0.0763888888888889
2025-12-24,Karaman Mh.,23160.0,597720.6499999999,15701.0,35160.0,1335,7,6.433333333333334,4.3613888888888885,9.766666666666667
2025-12-24,Kayapa Mh.,19372.0,726876.3400000001,14002.0,21307.0,1703,8,5.381111111111111,3.8894444444444445,5.918611111111111
2025-12-24,Konak Mh.,38277.0,1039021.15,38297.0,45426.0,1903,12,10.6325,10.638055555555555,12.618333333333334
2025-12-24,Korubaşı Mh.,1457.0,54341.34,841.0,841.0,104,1,0.4047222222222222,0.2336111111111111,0.2336111111111111
2025-12-24,Kurtuluş Mh.,16474.0,718482.8,13189.0,13749.0,1461,11,4.5761111111111115,3.663611111111111,3.819166666666667
2025-12-24,Kuruçeşme Mh.,1070.0,46116.57,566.0,579.0,92,1,0.2972222222222222,0.15722222222222224,0.16083333333333333
2025-12-24,Kültür Mh.,1329.0,97900.0,268.0,798.0,146,8,0.36916666666666664,0.07444444444444444,0.22166666666666668
2025-12-24,Kızılcıklı Mh.,10333.0,1162664.54,25967.0,25967.0,2732,3,2.870277777777778,7.213055555555556,7.213055555555556
2025-12-24,Makşempınarı Mh.,1893.0,71241.53,1298.0,1298.0,138,1,0.5258333333333334,0.3605555555555556,0.3605555555555556
2025-12-24,Minareliçavuş Bursa OSB Mh.,1385.0,131360.47,0.0,0.0,229,39,0.38472222222222224,0.0,0.0
2025-12-24,Minareliçavuş Mh.,722.0,65815.03,290.0,290.0,131,9,0.20055555555555554,0.08055555555555556,0.08055555555555556
2025-12-24,Minareliçavuş OSB Mh.,611.0,51034.14,17.0,17.0,98,6,0.16972222222222222,0.004722222222222222,0.004722222222222222
2025-12-24,Nilüferköy Mh.,5080.0,690452.88,0.0,0.0,1295,40,1.4111111111111112,0.0,0.0
2025-12-24,Odunluk Mh.,35601.0,749830.62,41378.0,47698.0,1724,7,9.889166666666666,11.49388888888889,13.249444444444444
2025-12-24,Tahtalı Mahallesi,13.0,1916.4899999999998,0.0,0.0,4,2,0.003611111111111111,0.0,0.0
2025-12-24,Tahtalı Mh.,7601.0,303513.45999999996,5977.0,5977.0,736,8,2.111388888888889,1.6602777777777777,1.6602777777777777
2025-12-24,Unçukuru Mh.,1916.0,91004.25,1138.0,1138.0,172,1,0.5322222222222223,0.3161111111111111,0.3161111111111111
2025-12-24,Yapı Kredi Bankası ATM - Bursa Görükle Çek Mahallesi,33.0,2629.25,23.0,37.0,4,3,0.009166666666666667,0.006388888888888889,0.010277777777777778
2025-12-24,Yapı Kredi Bankası ATM - Nilüfer Balkan Mahallesi,10.0,509.82,0.0,0.0,1,1,0.002777777777777778,0.0,0.0
2025-12-24,Yaylacık Mh.,15520.0,627456.23,16452.0,16455.0,1047,10,4.311111111111111,4.57,4.570833333333334
2025-12-24,Yenikent Mh.,75461.0,4222619.16,45605.0,48022.0,8129,41,20.961388888888887,12.668055555555556,13.339444444444444
2025-12-24,Yolçatı Mh.,3718.0,284426.04000000004,0.0,0.0,479,18,1.0327777777777778,0.0,0.0
2025-12-24,Yüzüncüyıl Mh.,13406.0,473548.04000000004,11017.0,11438.0,759,19,3.723888888888889,3.060277777777778,3.1772222222222224
2025-12-24,Çalı Mh.,28750.0,1546004.25,26945.0,29281.0,2932,10,7.986111111111111,7.4847222222222225,8.133611111111112
2025-12-24,Çamlıca Mh.,2101.0,84599.81,1025.0,1916.0,112,4,0.5836111111111111,0.2847222222222222,0.5322222222222223
2025-12-24,Çatalağıl Mh.,500.0,15079.460000000001,0.0,0.0,23,1,0.1388888888888889,0.0,0.0
2025-12-24,Özlüce Mh.,9430.0,309653.7,7206.0,14061.0,574,5,2.6194444444444445,2.0016666666666665,3.9058333333333333
2025-12-24,Ürünlü Mh.,12667.0,402139.94,9293.0,21859.0,1068,4,3.518611111111111,2.5813888888888887,6.071944444444444
2025-12-24,Üçevler Mh.,205549.0,4255293.24,169359.0,298078.0,8688,43,57.096944444444446,47.04416666666667,82.79944444444445
2025-12-24,İhsaniye Mh.,43508.0,1748756.03,53167.0,54469.0,4676,10,12.085555555555555,14.768611111111111,15.130277777777778
2025-12-24,İnegazi Mh.,1688.0,269259.24,2407.0,2407.0,694,1,0.4688888888888889,0.6686111111111112,0.6686111111111112
2025-12-24,İrfaniye Mh.,930.0,95828.69,0.0,0.0,184,7,0.25833333333333336,0.0,0.0
2025-12-25,19 Mayıs Mh.,42.0,2287.4,0.0,0.0,6,1,0.011666666666666667,0.0,0.0
2025-12-25,23 Nisan Mh.,5366.0,254314.38,593.0,6069.0,325,10,1.4905555555555556,0.16472222222222221,1.6858333333333333
2025-12-25,29 Ekim Mh.,6286.0,361685.89,6535.0,6535.0,498,11,1.7461111111111112,1.8152777777777778,1.8152777777777778
2025-12-25,30 Ağustos Zafer Mh.,155.0,17114.2,55.0,55.0,29,2,0.043055555555555555,0.015277777777777777,0.015277777777777777
2025-12-25,Ahmet Yesevi Mh.,3591.0,92110.27,3372.0,3372.0,167,4,0.9975,0.9366666666666666,0.9366666666666666
2025-12-25,Akçalar Mahallesi,20.0,1950.54,0.0,0.0,3,1,0.005555555555555556,0.0,0.0
2025-12-25,Akçalar Mh.,716.0,38322.78,277.0,277.0,59,1,0.1988888888888889,0.07694444444444444,0.07694444444444444
2025-12-25,Alaaddinbey Mh.,534260.0,2860197.64,10683172.0,149392258.0,5672,42,148.40555555555557,2967.547777777778,41497.849444444444
2025-12-25,Altınşehir Mh.,7000.0,300419.73,6934.0,6934.0,405,7,1.9444444444444444,1.926111111111111,1.926111111111111
2025-12-25,Ataevler Mh.,5092.0,98354.05,6140.0,6140.0,233,6,1.4144444444444444,1.7055555555555555,1.7055555555555555
2025-12-25,Balat Mh.,2135.0,81063.44,1455.0,1455.0,128,4,0.5930555555555556,0.4041666666666667,0.4041666666666667
2025-12-25,Balat OSB Mh.,135.0,20668.0,0.0,0.0,23,6,0.0375,0.0,0.0
2025-12-25,Balkan Mh.,5916.0,583983.92,6689.0,6689.0,1208,2,1.6433333333333333,1.8580555555555556,1.8580555555555556
2025-12-25,Barış Mh.,3860.0,50271.880000000005,5137.0,5137.0,113,4,1.0722222222222222,1.4269444444444443,1.4269444444444443
2025-12-25,Başköy Mh.,5940.0,222936.42,5028.0,5028.0,348,2,1.65,1.3966666666666667,1.3966666666666667
2025-12-25,Beşevler Mh.,13119.0,624062.53,8965.0,12235.0,1265,16,3.6441666666666666,2.4902777777777776,3.3986111111111112
2025-12-25,Büyükbalıklı Mh.,723.0,37409.72,647.0,647.0,59,1,0.20083333333333334,0.17972222222222223,0.17972222222222223
2025-12-25,Cumhuriyet Mh.,1241.0,91948.7,1257.0,1257.0,105,4,0.3447222222222222,0.3491666666666667,0.3491666666666667
2025-12-25,Demirci Mh.,17138.0,639588.7,13506.0,13643.0,1309,25,4.760555555555555,3.7516666666666665,3.789722222222222
2025-12-25,Doğanköy Mh.,1592.0,113948.19,532.0,532.0,161,3,0.44222222222222224,0.14777777777777779,0.14777777777777779
2025-12-25,Dumlupınar Mh.,14064.0,548628.31,9894.0,16594.0,966,8,3.9066666666666667,2.7483333333333335,4.609444444444445
2025-12-25,Ertuğrul Mh.,6819.0,276411.01,5787.0,5798.0,440,15,1.8941666666666668,1.6075,1.6105555555555555
2025-12-25,Esentepe Mh.,2060.0,73856.76,1335.0,1335.0,80,4,0.5722222222222222,0.37083333333333335,0.37083333333333335
2025-12-25,Fethiye Mh.,8360.0,207648.66999999998,7160.0,7160.0,320,6,2.3222222222222224,1.988888888888889,1.988888888888889
2025-12-25,Fethiye OSB Mh.,1196.0,133212.96,326.0,326.0,152,6,0.3322222222222222,0.09055555555555556,0.09055555555555556
2025-12-25,Geçit Mh.,4630.0,376488.31,269.0,269.0,439,8,1.2861111111111112,0.07472222222222222,0.07472222222222222
2025-12-25,Gökçe Mh.,60.0,4400.56,0.0,0.0,7,1,0.016666666666666666,0.0,0.0
2025-12-25,Görükle Mh.,7060.0,434244.82,3523.0,5755.0,644,9,1.961111111111111,0.9786111111111111,1.5986111111111112
2025-12-25,Gümüştepe Mh.,3673.0,110080.18999999999,3384.0,3384.0,309,4,1.0202777777777778,0.94,0.94
2025-12-25,Işıktepe Mh.,142.0,20196.41,0.0,0.0,23,6,0.03944444444444444,0.0,0.0
2025-12-25,Işıktepe OSB Mh.,345.0,48241.47,0.0,0.0,55,7,0.09583333333333334,0.0,0.0
2025-12-25,Karaman Mh.,2615.0,116113.33,7821.0,7821.0,280,3,0.7263888888888889,2.1725,2.1725
2025-12-25,Kayapa Mh.,3650.0,166426.55,2953.0,2953.0,263,1,1.0138888888888888,0.8202777777777778,0.8202777777777778
2025-12-25,Konak Mh.,9882.0,564578.8,9605.0,9644.0,532,8,2.745,2.6680555555555556,2.678888888888889
2025-12-25,Kurtuluş Mh.,197.0,17409.23,31.0,31.0,23,2,0.05472222222222222,0.008611111111111111,0.008611111111111111
2025-12-25,Kültür Mh.,6120.0,210112.66999999998,6164.0,6164.0,313,5,1.7,1.7122222222222223,1.7122222222222223
2025-12-25,Kızılcıklı Mh.,23.0,3171.56,0.0,0.0,5,1,0.006388888888888889,0.0,0.0
2025-12-25,Minareliçavuş Bursa OSB Mh.,138.0,17553.41,173.0,173.0,23,7,0.03833333333333333,0.04805555555555555,0.04805555555555555
2025-12-25,Minareliçavuş Mh.,5762.0,82415.97,5580.0,5580.0,337,4,1.6005555555555555,1.55,1.55
2025-12-25,Minareliçavuş OSB Mh.,266.0,13759.43,31.0,31.0,36,3,0.07388888888888889,0.008611111111111111,0.008611111111111111
2025-12-25,Nilüferköy Mh.,321.0,54139.78,14.0,14.0,67,3,0.08916666666666667,0.0038888888888888888,0.0038888888888888888
2025-12-25,Odunluk Mh.,330.0,31014.86,85.0,85.0,38,2,0.09166666666666666,0.02361111111111111,0.02361111111111111
2025-12-25,Tahtalı Mh.,160.0,11549.95,0.0,0.0,18,1,0.044444444444444446,0.0,0.0
2025-12-25,Yapı Kredi Bankası ATM - Bursa Görükle Çek Mahallesi,9.0,1057.95,21.0,21.0,1,1,0.0025,0.005833333333333334,0.005833333333333334
2025-12-25,Yaylacık Mh.,285.0,14022.43,180.0,180.0,24,3,0.07916666666666666,0.05,0.05
2025-12-25,Yenikent Mh.,5275.0,435718.56,2995.0,2995.0,494,7,1.4652777777777777,0.8319444444444445,0.8319444444444445
2025-12-25,Yolçatı Mh.,4021.0,150154.48,3668.0,3668.0,332,2,1.1169444444444445,1.018888888888889,1.018888888888889
2025-12-25,Yüzüncüyıl Mh.,1913.0,89539.21,1335.0,1335.0,153,10,0.5313888888888889,0.37083333333333335,0.37083333333333335
2025-12-25,Çalı Mh.,9994.0,400461.17000000004,8671.0,8671.0,580,5,2.776111111111111,2.408611111111111,2.408611111111111
2025-12-25,Çamlıca Mh.,14251.0,312800.85,16667.0,25232.0,498,7,3.9586111111111113,4.629722222222222,7.0088888888888885
2025-12-25,Ürünlü Mh.,120.0,12175.57,0.0,0.0,12,1,0.03333333333333333,0.0,0.0
2025-12-25,Üçevler Mh.,40136.0,788252.21,3084.0,3396.0,1634,30,11.148888888888889,0.8566666666666667,0.9433333333333334
2025-12-25,İhsaniye Mh.,22937.0,931958.66,34101.0,34032.0,2024,5,6.371388888888889,9.4725,9.453333333333333
2025-12-25,İrfaniye Mahallesi,10.0,638.74,0.0,0.0,1,1,0.002777777777777778,0.0,0.0
2025-12-25,İrfaniye Mh.,3046.0,222838.69,2442.0,2442.0,371,4,0.8461111111111111,0.6783333333333333,0.6783333333333333
