date,vehicle_id,total_dist_km,total_idle_sec,total_stop_sec,first_ts,last_ts,odo_min,odo_max,records,odo_dist_km,work_duration_sec,total_idle_hr,total_stop_hr,work_duration_hr
2025-12-19,1106,122451.65,48502.0,1339122.0,2025-12-19 00:00:56,2025-12-19 23:53:09,169724.81,169825.45,2137,100.64000000001397,85933.0,13.472777777777777,371.97833333333335,23.870277777777776
2025-12-19,1409,3.25,491.0,2644060.0,2025-12-19 00:07:55,2025-12-19 23:57:52,167401.55,167401.58,170,0.029999999998835847,85797.0,0.1363888888888889,734.4611111111111,23.8325
2025-12-19,1434,178939.73,1034822.0,1034822.0,2025-12-19 00:04:54,2025-12-19 23:59:24,217800.17,217921.7,2688,121.52999999999884,86070.0,287.4505555555556,287.4505555555556,23.908333333333335
2025-12-19,1488,106568.7,20322.0,1700139.0,2025-12-19 00:04:10,2025-12-19 23:50:38,198453.07,198678.37,1436,225.29999999998836,85588.0,5.645,472.2608333333333,23.774444444444445
2025-12-19,1520,115403.04,14610.0,4318536.0,2025-12-19 00:00:52,2025-12-19 23:50:37,198641.9,198763.27,1939,121.36999999999534,85785.0,4.058333333333334,1199.5933333333332,23.829166666666666
2025-12-19,1711,633159.87,162560.0,33406775.0,2025-12-19 00:00:01,2025-12-19 23:59:11,366221.87,366328.54,13161,106.6699999999837,86350.0,45.15555555555556,9279.659722222223,23.98611111111111
2025-12-19,2291,392330.63,41768.0,11036436.0,2025-12-19 00:00:41,2025-12-19 23:59:12,28098.43,28183.08,9819,84.65000000000146,86311.0,11.602222222222222,3065.6766666666667,23.975277777777777
2025-12-19,2424,32722.1,18188.0,1700234.0,2025-12-19 00:09:04,2025-12-19 23:53:29,18513.84,18567.86,1452,54.02000000000044,85465.0,5.052222222222222,472.2872222222222,23.740277777777777
2025-12-19,2519,21612.22,546250.0,700129.0,2025-12-19 00:02:04,2025-12-19 15:07:10,25740.37,25789.64,978,49.27000000000044,54306.0,151.73611111111111,194.4802777777778,15.085
2025-12-19,2535,124162.81,25744.0,3523205.0,2025-12-19 00:00:34,2025-12-19 23:56:23,98327.67,98454.31,2110,126.63999999999942,86149.0,7.151111111111111,978.6680555555556,23.93027777777778
2025-12-19,2584,158009.84,34437.0,1132713.0,2025-12-19 00:01:00,2025-12-19 23:59:59,158618.31,158730.46,3009,112.14999999999418,86339.0,9.565833333333334,314.6425,23.983055555555556
2025-12-19,2674,40787.94,0.0,3126700.0,2025-12-19 00:09:28,2025-12-19 23:53:44,158058.9,158124.0,1443,65.10000000000582,85456.0,0.0,868.5277777777778,23.73777777777778
2025-12-19,2679,33073.68,24981.0,3694489.0,2025-12-19 00:07:12,2025-12-19 23:57:10,236612.12,236677.55,1184,65.42999999999302,85798.0,6.939166666666667,1026.2469444444444,23.83277777777778
2025-12-19,2824,29415.42,32392.0,1300838.0,2025-12-19 00:00:49,2025-12-19 23:59:36,98749.16,98801.08,1362,51.919999999998254,86327.0,8.997777777777777,361.3438888888889,23.97972222222222
2025-12-19,3045,17209.01,24625.0,808203.0,2025-12-19 00:09:03,2025-12-19 13:12:18,183214.54,183261.74,933,47.19999999998254,46995.0,6.840277777777778,224.50083333333333,13.054166666666667
2025-12-19,3286,30458.57,26174.0,3029498.0,2025-12-19 00:07:03,2025-12-19 23:58:59,203104.66,203162.49,1199,57.829999999987194,85916.0,7.270555555555555,841.5272222222222,23.865555555555556
2025-12-19,3547,182562.45,40833.0,1054538.0,2025-12-19 00:00:05,2025-12-19 23:59:53,94321.11,94483.3,2584,162.19000000000233,86388.0,11.3425,292.9272222222222,23.996666666666666
2025-12-19,3615,103747.48,55727.0,2131415.0,2025-12-19 00:04:46,2025-12-19 23:59:52,193476.33,193596.89,2142,120.56000000002678,86106.0,15.479722222222222,592.0597222222223,23.918333333333333
2025-12-19,4257,251396.77,46289.0,989593.0,2025-12-19 00:00:54,2025-12-19 23:59:38,289962.35,290131.58,2921,169.23000000003958,86324.0,12.858055555555556,274.88694444444445,23.97888888888889
2025-12-19,4527,91652.79,23437.0,3066681.0,2025-12-19 00:02:30,2025-12-19 23:50:26,161798.76,161883.58,2299,84.81999999997788,85676.0,6.510277777777778,851.8558333333333,23.79888888888889
2025-12-19,4582,97480.02,35209.0,3300200.0,2025-12-19 00:02:39,2025-12-19 23:52:13,269033.38,269141.34,1958,107.96000000002095,85774.0,9.780277777777778,916.7222222222222,23.82611111111111
2025-12-19,4657,8260.29,38292.0,1644787.0,2025-12-19 00:00:39,2025-12-19 23:58:40,150708.96,150737.73,491,28.770000000018626,86281.0,10.636666666666667,456.8852777777778,23.966944444444444
2025-12-19,4811,41944.2,23098.0,3797860.0,2025-12-19 00:03:24,2025-12-19 23:56:56,284286.96,284355.74,1357,68.77999999996973,86012.0,6.416111111111111,1054.9611111111112,23.892222222222223
2025-12-19,5012,91298.92,21492.0,583092.0,2025-12-19 00:00:22,2025-12-19 16:36:28,161971.21,162066.8,2557,95.58999999999651,59766.0,5.97,161.97,16.601666666666667
2025-12-19,5333,679329.05,25120985.0,25120985.0,2025-12-19 00:00:48,2025-12-19 23:59:04,291606.75,291720.78,13292,114.03000000002794,86296.0,6978.051388888889,6978.051388888889,23.97111111111111
2025-12-19,5506,46856.04,22247.0,2522126.0,2025-12-19 00:06:55,2025-12-19 23:59:20,276837.59,276911.75,1312,74.15999999997439,85945.0,6.179722222222222,700.5905555555555,23.87361111111111
2025-12-19,5552,299383.75,0.0,976811.0,2025-12-19 00:02:38,2025-12-19 23:57:39,184566.87,184765.32,3225,198.45000000001164,86101.0,0.0,271.3363888888889,23.916944444444443
2025-12-19,5557,190536.92,26754.0,493380.0,2025-12-19 00:03:42,2025-12-19 23:55:44,115971.8,116119.13,2555,147.33000000000175,85922.0,7.431666666666667,137.05,23.86722222222222
2025-12-19,5803,61123.02,27409.0,27409.0,2025-12-19 06:56:43,2025-12-19 14:30:24,143543.34,143633.46,1638,90.11999999999534,27221.0,7.613611111111111,7.613611111111111,7.561388888888889
2025-12-19,6514,195162.62,42699.0,1760674.0,2025-12-19 00:00:00,2025-12-19 23:59:55,114069.26,114237.97,2604,168.7100000000064,86395.0,11.860833333333334,489.0761111111111,23.99861111111111
2025-12-19,6574,161965.73,56822.0,750442.0,2025-12-19 00:08:48,2025-12-19 23:59:55,144174.62,144325.34,2649,150.72000000000116,85867.0,15.783888888888889,208.4561111111111,23.851944444444445
2025-12-19,6635,304569.62,57807.0,28031519.0,2025-12-19 00:00:13,2025-12-19 23:59:12,202958.01,203031.43,9221,73.4199999999837,86339.0,16.0575,7786.533055555556,23.983055555555556
2025-12-19,6881,32436.0,7554602.0,7554602.0,2025-12-19 00:06:27,2025-12-19 23:57:04,263278.95,263337.26,1286,58.30999999999767,85837.0,2098.5005555555554,2098.5005555555554,23.843611111111112
2025-12-19,7201,59249.81,1056256.0,1056256.0,2025-12-19 00:07:26,2025-12-19 23:52:37,2283.45,2369.07,1700,85.62000000000035,85511.0,293.40444444444444,293.40444444444444,23.753055555555555
2025-12-19,7224,16.49,0.0,3337809.0,2025-12-19 00:08:59,2025-12-19 18:15:37,145058.66,145059.48,121,0.8200000000069849,65198.0,0.0,927.1691666666667,18.110555555555557
2025-12-19,7873,51546.44,17829.0,4793807.0,2025-12-19 00:04:19,2025-12-19 23:55:27,105402.01,105475.7,1849,73.69000000000233,85868.0,4.9525,1331.6130555555555,23.852222222222224
2025-12-19,7912,24964.88,48361.0,2970996.0,2025-12-19 00:00:30,2025-12-19 23:57:56,79525.83,79576.12,1395,50.2899999999936,86246.0,13.43361111111111,825.2766666666666,23.95722222222222
2025-12-19,7924,251105.44,55653.0,708896.0,2025-12-19 00:00:04,2025-12-19 23:59:27,180246.48,180423.29,3228,176.80999999999767,86363.0,15.459166666666667,196.91555555555556,23.989722222222223
2025-12-19,8359,65691.45,62491.0,4419998.0,2025-12-19 00:07:26,2025-12-19 23:56:28,118844.46,118936.38,1459,91.91999999999825,85742.0,17.35861111111111,1227.7772222222222,23.817222222222224
2025-12-19,8527,209269.9,31594.0,2769468.0,2025-12-19 00:07:50,2025-12-19 23:58:34,173875.4,174154.19,2383,278.79000000000815,85844.0,8.776111111111112,769.2966666666666,23.845555555555556
2025-12-19,9279,118749.08,0.0,1017665.0,2025-12-19 00:08:24,2025-12-19 23:59:55,95822.41,95942.65,2219,120.23999999999069,85891.0,0.0,282.6847222222222,23.85861111111111
2025-12-19,9785,21757.67,29760.0,1079917.0,2025-12-19 00:09:03,2025-12-19 23:55:02,173372.76,173423.09,1003,50.329999999987194,85559.0,8.266666666666667,299.9769444444444,23.76638888888889
2025-12-19,9928,89034.57,20094.0,699676.0,2025-12-19 00:10:29,2025-12-19 23:53:01,47655.51,47756.8,1776,101.29000000000087,85352.0,5.581666666666667,194.35444444444445,23.70888888888889
2025-12-20,1106,438224.97,41682.0,1187588.0,2025-12-20 00:03:09,2025-12-20 23:57:44,169825.45,169965.04,2679,139.5899999999965,86075.0,11.578333333333333,329.8855555555556,23.90972222222222
2025-12-20,1409,4.859999999999999,0.0,5769145.0,2025-12-20 00:07:52,2025-12-20 23:57:48,167401.58,167401.58,162,0.0,85796.0,0.0,1602.5402777777779,23.83222222222222
2025-12-20,1434,684096.24,444780.0,444950.0,2025-12-20 00:00:10,2025-12-20 23:58:24,217921.72,218056.5,3550,134.77999999999884,86294.0,123.55,123.59722222222223,23.970555555555556
2025-12-20,1488,487194.38,19034.0,2829519.0,2025-12-20 00:00:38,2025-12-20 23:59:13,198678.37,198910.72,1552,232.35000000000582,86315.0,5.287222222222222,785.9775,23.976388888888888
2025-12-20,1520,328916.23,15987.0,4528633.0,2025-12-20 00:00:37,2025-12-20 23:51:15,198763.27,198877.7,1869,114.43000000002212,85838.0,4.440833333333333,1257.953611111111,23.843888888888888
2025-12-20,1711,1263673.14,170978.0,28496312.0,2025-12-20 00:00:11,2025-12-20 23:59:09,366328.54,366398.13,9005,69.59000000002561,86338.0,47.49388888888889,7915.642222222222,23.982777777777777
2025-12-20,2291,1183110.84,32867.0,10068246.0,2025-12-20 00:00:12,2025-12-20 23:59:59,28183.08,28267.1,9559,84.0199999999968,86387.0,9.129722222222222,2796.735,23.996388888888887
2025-12-20,2424,90461.25,21341.0,3050454.0,2025-12-20 00:03:29,2025-12-20 23:53:11,18567.86,18616.71,1231,48.849999999998545,85782.0,5.928055555555556,847.3483333333334,23.828333333333333
2025-12-20,2519,115367.56,26296.0,73276.0,2025-12-20 06:59:07,2025-12-20 15:57:34,25789.64,25867.97,1337,78.33000000000175,32307.0,7.304444444444444,20.354444444444443,8.974166666666667
2025-12-20,2535,460885.33,27387.0,1118380.0,2025-12-20 00:06:23,2025-12-20 23:57:36,98454.31,98573.49,2574,119.18000000000757,85873.0,7.6075,310.6611111111111,23.85361111111111
2025-12-20,2584,262048.26,19842.0,3092555.0,2025-12-20 00:00:04,2025-12-20 23:54:11,158730.51,158802.66,1832,72.14999999999418,86047.0,5.511666666666667,859.0430555555556,23.901944444444446
2025-12-20,2674,145029.94,0.0,4107017.0,2025-12-20 00:03:44,2025-12-20 23:57:19,158124.0,158191.6,1545,67.60000000000582,86015.0,0.0,1140.8380555555555,23.893055555555556
2025-12-20,2679,127927.52,20915.0,2124867.0,2025-12-20 00:07:10,2025-12-20 23:55:38,236677.55,236735.23,1483,57.68000000002212,85708.0,5.809722222222222,590.2408333333333,23.807777777777776
2025-12-20,2824,80685.19,24883.0,2532165.0,2025-12-20 00:09:36,2025-12-20 23:57:13,98801.08,98847.04,1142,45.95999999999185,85657.0,6.911944444444444,703.3791666666667,23.79361111111111
2025-12-20,3045,90144.26,23713.0,1188026.0,2025-12-20 06:38:10,2025-12-20 23:53:16,183261.75,183329.66,1142,67.91000000000349,62106.0,6.586944444444445,330.0072222222222,17.251666666666665
2025-12-20,3286,107494.63,24120.0,2990466.0,2025-12-20 00:08:59,2025-12-20 23:50:35,203162.49,203214.39,1337,51.90000000002328,85296.0,6.7,830.685,23.69333333333333
2025-12-20,3547,565106.11,36331.0,1297220.0,2025-12-20 00:00:00,2025-12-20 23:55:25,94483.4,94634.75,2435,151.35000000000582,86125.0,10.091944444444444,360.3388888888889,23.92361111111111
2025-12-20,3615,413139.28,69295.0,912737.0,2025-12-20 00:00:02,2025-12-20 23:54:51,193597.14,193737.4,2222,140.2599999999802,86089.0,19.24861111111111,253.53805555555556,23.913611111111113
2025-12-20,4257,839734.04,44900.0,813372.0,2025-12-20 00:01:25,2025-12-20 23:58:57,290131.61,290309.27,3218,177.6600000000326,86252.0,12.472222222222221,225.93666666666667,23.95888888888889
2025-12-20,4527,154262.71,26130.0,1234961.0,2025-12-20 00:00:26,2025-12-20 23:58:57,161883.58,161941.83,1444,58.25,86311.0,7.258333333333334,343.0447222222222,23.975277777777777
2025-12-20,4582,213158.11,30694.0,3536985.0,2025-12-20 00:02:13,2025-12-20 23:56:27,269141.34,269217.13,1479,75.78999999997905,86054.0,8.526111111111112,982.4958333333333,23.90388888888889
2025-12-20,4657,113529.26,34000.0,1158251.0,2025-12-20 00:08:40,2025-12-20 23:53:23,150737.73,150816.15,1833,78.4199999999837,85483.0,9.444444444444445,321.7363888888889,23.745277777777776
2025-12-20,4811,137940.59,22732.0,3816366.0,2025-12-20 00:06:56,2025-12-20 23:55:41,284355.74,284424.35,1411,68.60999999998603,85725.0,6.314444444444445,1060.1016666666667,23.8125
2025-12-20,5012,235494.29,20251.0,980433.0,2025-12-20 06:51:38,2025-12-20 23:52:42,162066.8,162129.85,1889,63.05000000001746,61264.0,5.625277777777778,272.3425,17.017777777777777
2025-12-20,5333,1658412.25,22896049.0,22896049.0,2025-12-20 00:00:04,2025-12-20 23:59:18,291720.78,291808.63,10675,87.84999999997672,86354.0,6360.0136111111115,6360.0136111111115,23.987222222222222
2025-12-20,5506,128996.09,19476.0,4111986.0,2025-12-20 00:09:20,2025-12-20 23:53:56,276911.75,276969.71,1340,57.960000000020955,85476.0,5.41,1142.2183333333332,23.743333333333332
2025-12-20,5552,790754.57,0.0,784783.0,2025-12-20 00:07:26,2025-12-20 23:59:23,184765.32,184941.64,2819,176.32000000000698,85917.0,0.0,217.99527777777777,23.865833333333335
2025-12-20,5557,378956.81,18386.0,2188494.0,2025-12-20 00:05:44,2025-12-20 23:09:47,116119.13,116216.81,2038,97.67999999999302,83043.0,5.107222222222222,607.915,23.0675
2025-12-20,5803,143875.8,25020.0,25020.0,2025-12-20 06:54:22,2025-12-20 13:01:51,143633.46,143686.28,1288,52.820000000006985,22049.0,6.95,6.95,6.124722222222222
2025-12-20,6514,673659.71,669903.0,2152227.0,2025-12-20 00:00:05,2025-12-20 23:57:55,114238.13,114398.59,2641,160.45999999999185,86270.0,186.08416666666668,597.8408333333333,23.96388888888889
2025-12-20,6574,546690.74,55997.0,949621.0,2025-12-20 00:00:05,2025-12-20 23:57:43,144325.5,144470.93,2551,145.42999999999302,86258.0,15.554722222222223,263.7836111111111,23.960555555555555
2025-12-20,6635,244268.66,78021.0,36240041.0,2025-12-20 00:00:12,2025-12-20 23:59:14,203031.43,203049.13,2902,17.70000000001164,86342.0,21.6725,10066.678055555556,23.983888888888888
2025-12-20,6881,99459.8,7357726.0,7357726.0,2025-12-20 00:07:04,2025-12-20 23:50:05,263337.26,263393.16,1208,55.899999999965075,85381.0,2043.8127777777777,2043.8127777777777,23.716944444444444
2025-12-20,7201,185441.1,3358633.0,3358633.0,2025-12-20 00:02:37,2025-12-20 23:56:29,2369.07,2439.84,1573,70.76999999999998,86032.0,932.9536111111111,932.9536111111111,23.897777777777776
2025-12-20,7224,32572.01,353530.0,384328.0,2025-12-20 10:55:10,2025-12-20 23:57:15,145059.48,145121.66,1079,62.179999999993015,46925.0,98.20277777777778,106.75777777777778,13.034722222222221
2025-12-20,7873,173946.31,30048.0,3680653.0,2025-12-20 00:05:27,2025-12-20 23:56:25,105475.7,105541.93,1767,66.22999999999593,85858.0,8.346666666666666,1022.4036111111111,23.849444444444444
2025-12-20,7912,151097.15,48852.0,1703676.0,2025-12-20 00:07:56,2025-12-20 23:59:37,79576.12,79642.73,1997,66.61000000000058,85901.0,13.57,473.24333333333334,23.86138888888889
2025-12-20,7924,645553.54,45622.0,1206818.0,2025-12-20 00:00:07,2025-12-20 23:59:10,180423.3,180559.13,2617,135.8300000000163,86343.0,12.672777777777778,335.2272222222222,23.984166666666667
2025-12-20,8359,202552.89,29789.0,3781787.0,2025-12-20 00:06:28,2025-12-20 23:55:40,118936.38,119022.48,1514,86.09999999999127,85752.0,8.274722222222222,1050.496388888889,23.82
2025-12-20,8527,352534.74,20790.0,3387219.0,2025-12-20 00:08:34,2025-12-20 23:57:26,174154.19,174211.39,1165,57.20000000001164,85732.0,5.775,940.8941666666667,23.814444444444444
2025-12-20,9279,463079.43,0.0,714646.0,2025-12-20 00:00:05,2025-12-20 23:51:49,95942.78,96076.35,2513,133.57000000000698,85904.0,0.0,198.51277777777779,23.862222222222222
2025-12-20,9785,115804.08,21873.0,2676989.0,2025-12-20 00:05:02,2025-12-20 23:57:22,173423.09,173502.61,1349,79.51999999998952,85940.0,6.075833333333334,743.6080555555556,23.872222222222224
2025-12-20,9928,291284.06,17453.0,2212019.0,2025-12-20 00:03:01,2025-12-20 23:59:19,47756.8,47865.47,1835,108.66999999999825,86178.0,4.848055555555556,614.4497222222222,23.938333333333333
2025-12-21,1106,292246.58,25197.0,3559213.0,2025-12-21 00:07:44,2025-12-21 23:55:10,169965.04,170011.6,1130,46.55999999999767,85646.0,6.9991666666666665,988.6702777777778,23.790555555555557
2025-12-21,1409,4.92,0.0,0.0,2025-12-21 00:07:48,2025-12-21 23:57:44,167401.58,167401.58,164,0.0,85796.0,0.0,0.0,23.83222222222222
2025-12-21,1434,105054.91,4545849.0,4545849.0,2025-12-21 00:01:57,2025-12-21 23:53:32,218060.29,218079.69,384,19.39999999999418,85895.0,1262.7358333333334,1262.7358333333334,23.85972222222222
2025-12-21,1488,76885.2,0.0,6395656.0,2025-12-21 00:09:13,2025-12-21 23:59:09,198910.72,198910.72,168,0.0,85796.0,0.0,1776.5711111111111,23.83222222222222
2025-12-21,1520,67910.40000000001,0.0,10160860.0,2025-12-21 00:01:15,2025-12-21 23:51:11,198877.7,198877.7,288,0.0,85796.0,0.0,2822.461111111111,23.83222222222222
2025-12-21,1711,258044.63999999998,0.0,55856305.0,2025-12-21 00:00:09,2025-12-21 23:59:04,366398.13,366398.13,1464,0.0,86335.0,0.0,15515.640277777778,23.981944444444444
2025-12-21,2291,246764.21,0.0,63008628.0,2025-12-21 00:00:59,2025-12-21 23:59:56,28267.1,28267.1,1463,0.0,86337.0,0.0,17502.396666666667,23.9825
2025-12-21,2424,15944.85,0.0,1362734.0,2025-12-21 00:03:11,2025-12-21 23:59:29,18616.71,18616.71,155,0.0,86178.0,0.0,378.5372222222222,23.938333333333333
2025-12-21,2519,12377.199999999999,980462.0,980462.0,2025-12-21 07:33:22,2025-12-21 23:51:35,25867.97,25867.97,97,0.0,58693.0,272.35055555555556,272.35055555555556,16.30361111111111
2025-12-21,2535,42281.04,390.0,6974529.0,2025-12-21 00:07:36,2025-12-21 23:57:33,98573.49,98573.49,172,0.0,85797.0,0.10833333333333334,1937.3691666666666,23.8325
2025-12-21,2584,41294.4,0.0,9053016.0,2025-12-21 00:04:11,2025-12-21 23:54:08,158802.66,158802.66,224,0.0,85797.0,0.0,2514.7266666666665,23.8325
2025-12-21,2674,228348.83,0.0,3716209.0,2025-12-21 00:07:19,2025-12-21 23:59:59,158191.6,158256.25,1421,64.64999999999418,85960.0,0.0,1032.2802777777779,23.877777777777776
2025-12-21,2679,20682.48,0.0,5804823.0,2025-12-21 00:05:38,2025-12-21 23:55:35,236735.23,236735.23,168,0.0,85797.0,0.0,1612.4508333333333,23.8325
2025-12-21,2824,178287.13,22416.0,1715769.0,2025-12-21 00:07:13,2025-12-21 23:59:18,98847.04,98897.42,1536,50.38000000000466,85925.0,6.226666666666667,476.6025,23.868055555555557
2025-12-21,3045,175619.98,13190.0,3904624.0,2025-12-21 00:03:15,2025-12-21 23:53:35,183329.66,183396.04,1207,66.38000000000466,85820.0,3.6638888888888888,1084.6177777777777,23.83888888888889
2025-12-21,3286,20300.05,436.0,6205030.0,2025-12-21 00:00:35,2025-12-21 23:57:47,203214.39,203214.39,185,0.0,86232.0,0.12111111111111111,1723.6194444444445,23.953333333333333
2025-12-21,3547,743658.02,39390.0,2461118.0,2025-12-21 00:05:25,2025-12-21 23:58:35,94634.75,94762.79,1983,128.0399999999936,85990.0,10.941666666666666,683.6438888888889,23.886111111111113
2025-12-21,3615,173347.85,27010.0,4753625.0,2025-12-21 00:04:51,2025-12-21 23:59:55,193737.4,193768.39,631,30.99000000001979,86104.0,7.502777777777778,1320.451388888889,23.91777777777778
2025-12-21,4257,1249388.5,39139.0,1185438.0,2025-12-21 00:04:37,2025-12-21 23:56:42,290309.36,290474.31,2891,164.95000000001164,85925.0,10.871944444444445,329.28833333333336,23.868055555555557
2025-12-21,4527,45877.83,361.0,6831651.0,2025-12-21 00:08:57,2025-12-21 23:50:16,161941.83,161944.61,319,2.779999999998836,85279.0,0.10027777777777777,1897.6808333333333,23.68861111111111
2025-12-21,4582,52920.0,0.0,10161026.0,2025-12-21 00:06:27,2025-12-21 23:56:24,269217.13,269217.13,288,0.0,85797.0,0.0,2822.507222222222,23.8325
2025-12-21,4657,16292.88,0.0,3537111.0,2025-12-21 00:03:23,2025-12-21 23:52:04,150816.15,150816.15,152,0.0,85721.0,0.0,982.5308333333334,23.81138888888889
2025-12-21,4811,213069.94,18167.0,4151214.0,2025-12-21 00:05:41,2025-12-21 23:54:11,284424.35,284491.03,1279,66.68000000005122,85710.0,5.046388888888889,1153.115,23.808333333333334
2025-12-21,5012,23002.8,0.0,1530352.0,2025-12-21 00:02:42,2025-12-21 23:59:21,162129.85,162129.85,145,0.0,86199.0,0.0,425.09777777777776,23.944166666666668
2025-12-21,5333,295148.56,59113515.0,59113515.0,2025-12-21 00:00:18,2025-12-21 23:59:14,291808.63,291808.63,1462,0.0,86336.0,16420.420833333334,16420.420833333334,23.982222222222223
2025-12-21,5506,22064.04,0.0,5613890.0,2025-12-21 00:03:56,2025-12-21 23:53:52,276969.71,276969.71,167,0.0,85796.0,0.0,1559.4138888888888,23.83222222222222
2025-12-21,5552,600329.81,0.0,4185269.0,2025-12-21 00:09:10,2025-12-21 23:50:54,184941.64,185031.45,1462,89.80999999999767,85304.0,0.0,1162.5747222222221,23.695555555555554
2025-12-21,5557,412528.76,22297.0,976957.0,2025-12-21 07:44:54,2025-12-21 23:59:53,116216.81,116307.89,1441,91.08000000000175,58499.0,6.193611111111111,271.37694444444446,16.24972222222222
2025-12-21,6514,94847.04,11746242.0,11059552.0,2025-12-21 00:07:55,2025-12-21 23:57:52,114398.59,114398.59,288,0.0,85797.0,3262.845,3072.097777777778,23.8325
2025-12-21,6574,49780.08,0.0,7215345.0,2025-12-21 00:07:43,2025-12-21 23:57:40,144470.93,144470.93,168,0.0,85797.0,0.0,2004.2625,23.8325
2025-12-21,6635,133399.68,0.0,45603335.0,2025-12-21 00:00:14,2025-12-21 23:59:11,203049.13,203049.13,1464,0.0,86337.0,0.0,12667.593055555555,23.9825
2025-12-21,6881,32892.479999999996,9703694.0,9703694.0,2025-12-21 00:00:05,2025-12-21 23:50:02,263393.16,263393.16,288,0.0,85797.0,2695.4705555555556,2695.4705555555556,23.8325
2025-12-21,7201,228984.47,4172635.0,4172635.0,2025-12-21 00:06:29,2025-12-21 23:55:29,2439.84,2511.9,1211,72.05999999999995,85740.0,1159.0652777777777,1159.0652777777777,23.816666666666666
2025-12-21,7224,10395.0,6932172.0,6932172.0,2025-12-21 00:07:15,2025-12-21 23:56:30,145121.66,145121.66,165,0.0,85755.0,1925.6033333333332,1925.6033333333332,23.820833333333333
2025-12-21,7873,20008.559999999998,0.0,1501658.0,2025-12-21 00:06:25,2025-12-21 23:52:42,105541.93,105541.93,143,0.0,85577.0,0.0,417.1272222222222,23.77138888888889
2025-12-21,7912,19639.2,0.0,6160720.0,2025-12-21 00:09:37,2025-12-21 23:59:34,79642.73,79642.73,168,0.0,85797.0,0.0,1711.3111111111111,23.8325
2025-12-21,7924,815759.09,41499.0,1767147.0,2025-12-21 00:05:50,2025-12-21 23:57:42,180559.2,180689.3,2146,130.09999999997672,85912.0,11.5275,490.87416666666667,23.864444444444445
2025-12-21,8359,30619.440000000002,844.0,6273348.0,2025-12-21 00:05:40,2025-12-21 23:55:36,119022.48,119022.48,172,0.0,85796.0,0.23444444444444446,1742.5966666666666,23.83222222222222
2025-12-21,8527,56446.32,0.0,5328820.0,2025-12-21 00:07:26,2025-12-21 23:57:23,174211.39,174211.39,168,0.0,85797.0,0.0,1480.2277777777779,23.8325
2025-12-21,9279,831198.06,0.0,1041869.0,2025-12-21 00:01:42,2025-12-21 23:58:41,96076.35,96220.73,2656,144.3799999999901,86219.0,0.0,289.40805555555556,23.94972222222222
2025-12-21,9785,224327.82,19503.0,3211826.0,2025-12-21 00:07:22,2025-12-21 23:53:07,173502.61,173574.78,1379,72.1700000000128,85545.0,5.4175,892.1738888888889,23.7625
2025-12-21,9928,341918.88,20214.0,4377465.0,2025-12-21 00:09:19,2025-12-21 23:50:43,47865.47,47946.31,1384,80.83999999999651,85284.0,5.615,1215.9625,23.69
2025-12-22,1106,896879.08,51595.0,4252838.0,2025-12-22 00:05:10,2025-12-22 23:51:41,170011.6,170114.74,2716,103.13999999998487,85591.0,14.331944444444444,1181.3438888888888,23.775277777777777
2025-12-22,1409,96766.57,23418.0,531471.0,2025-12-22 00:07:44,2025-12-22 23:52:47,0.0,167506.91,2156,167506.91,85503.0,6.505,147.63083333333333,23.750833333333333
2025-12-22,1434,991957.44,1583507.0,1583507.0,2025-12-22 00:03:32,2025-12-22 23:52:44,218079.69,218208.93,2853,129.2399999999907,85752.0,439.86305555555555,439.86305555555555,23.82
2025-12-22,1488,1005687.93,28379.0,367843.0,2025-12-22 00:09:09,2025-12-22 23:58:55,198910.72,199170.19,1877,259.47000000000116,85786.0,7.883055555555556,102.17861111111111,23.829444444444444
2025-12-22,1520,583569.93,20557.0,1090189.0,2025-12-22 00:01:11,2025-12-22 23:56:39,198877.7,198998.13,2011,120.42999999999302,86128.0,5.710277777777778,302.8302777777778,23.924444444444443
2025-12-22,1711,3147459.13,28081.0,9447758.0,2025-12-22 00:00:05,2025-12-22 23:59:22,366398.13,366509.72,13870,111.5899999999674,86357.0,7.800277777777778,2624.3772222222224,23.988055555555555
2025-12-22,2291,3465152.97,66081.0,2484903.0,2025-12-22 00:00:56,2025-12-22 23:59:39,28267.1,28410.28,14627,143.1800000000003,86323.0,18.355833333333333,690.2508333333334,23.97861111111111
2025-12-22,2424,237624.74,32941.0,990455.0,2025-12-22 00:09:29,2025-12-22 23:57:22,18616.71,18697.46,1711,80.75,85673.0,9.150277777777777,275.12638888888887,23.798055555555557
2025-12-22,2519,219694.38,580274.0,589319.0,2025-12-22 00:01:35,2025-12-22 15:03:12,25867.97,25942.86,1358,74.88999999999942,54097.0,161.18722222222223,163.69972222222222,15.026944444444444
2025-12-22,2535,632801.24,33829.0,501696.0,2025-12-22 00:07:33,2025-12-22 23:54:24,98573.49,98700.39,2080,126.89999999999418,85611.0,9.396944444444445,139.36,23.780833333333334
2025-12-22,2584,790367.57,31694.0,155151.0,2025-12-22 00:04:08,2025-12-22 23:53:39,158802.66,159083.22,2800,280.5599999999977,85771.0,8.803888888888888,43.0975,23.825277777777778
2025-12-22,2674,476539.75,0.0,3879325.0,2025-12-22 00:09:59,2025-12-22 23:53:33,158256.25,158364.96,1928,108.70999999999185,85414.0,0.0,1077.5902777777778,23.726111111111113
2025-12-22,2679,226641.53,28320.0,1002088.0,2025-12-22 00:05:35,2025-12-22 23:51:48,236735.23,236820.16,1393,84.92999999999302,85573.0,7.866666666666666,278.35777777777776,23.77027777777778
2025-12-22,2824,294885.13,32724.0,1158212.0,2025-12-22 00:09:18,2025-12-22 23:51:11,98897.42,98971.36,1633,73.94000000000233,85313.0,9.09,321.72555555555556,23.698055555555555
2025-12-22,3045,317540.06,24278.0,2136871.0,2025-12-22 00:03:35,2025-12-22 14:36:10,183396.04,183479.54,1465,83.5,52355.0,6.743888888888889,593.5752777777777,14.543055555555556
2025-12-22,3286,25228.22,828.0,5482968.0,2025-12-22 00:07:47,2025-12-22 23:54:26,203214.39,203217.25,227,2.85999999998603,85599.0,0.23,1523.0466666666666,23.7775
2025-12-22,3547,1517148.99,48903.0,4534952.0,2025-12-22 00:08:35,2025-12-22 23:59:52,94762.79,94934.01,2894,171.22000000000116,85877.0,13.584166666666667,1259.7088888888889,23.85472222222222
2025-12-22,3615,1105771.96,78183.0,365992.0,2025-12-22 00:00:04,2025-12-22 23:59:58,193768.45,193941.79,2931,173.3399999999965,86394.0,21.7175,101.66444444444444,23.998333333333335
2025-12-22,4257,1950371.7,46093.0,587297.0,2025-12-22 00:06:09,2025-12-22 23:59:31,290474.31,290663.76,3243,189.45000000001164,86002.0,12.803611111111111,163.13805555555555,23.889444444444443
2025-12-22,4527,491847.31,45937.0,2973883.0,2025-12-22 00:00:16,2025-12-22 23:57:34,161944.61,162072.46,2579,127.85000000000582,86238.0,12.760277777777778,826.0786111111111,23.955
2025-12-22,4582,300725.13,28633.0,643543.0,2025-12-22 00:06:24,2025-12-22 23:56:38,269217.13,269289.02,1383,71.89000000001397,85814.0,7.953611111111111,178.76194444444445,23.837222222222223
2025-12-22,4657,389721.3,47474.0,821865.0,2025-12-22 00:02:04,2025-12-22 23:50:44,150816.15,150954.08,2256,137.92999999999302,85720.0,13.187222222222223,228.29583333333332,23.81111111111111
2025-12-22,4811,342404.46,22542.0,3821084.0,2025-12-22 00:04:11,2025-12-22 23:57:38,284491.03,284564.23,1444,73.19999999995343,86007.0,6.261666666666667,1061.4122222222222,23.890833333333333
2025-12-22,5012,506262.78,28289.0,1116078.0,2025-12-22 00:09:21,2025-12-22 23:56:35,162129.85,162231.57,2566,101.72000000000116,85634.0,7.858055555555556,310.02166666666665,23.787222222222223
2025-12-22,5333,2825234.43,7273867.0,7273867.0,2025-12-22 00:00:14,2025-12-22 23:59:14,291808.63,291908.97,11269,100.3399999999674,86340.0,2020.518611111111,2020.518611111111,23.983333333333334
2025-12-22,5506,223969.26,27405.0,921188.0,2025-12-22 00:03:52,2025-12-22 23:57:49,276969.71,277044.39,1340,74.67999999999302,86037.0,7.6125,255.88555555555556,23.899166666666666
2025-12-22,5552,1292985.48,0.0,1160557.0,2025-12-22 00:00:54,2025-12-22 23:57:38,185031.45,185170.66,2470,139.20999999999185,86204.0,0.0,322.37694444444446,23.945555555555554
2025-12-22,5557,891858.79,31033.0,663046.0,2025-12-22 00:00:01,2025-12-22 23:59:58,116307.97,116444.25,2214,136.27999999999884,86397.0,8.620277777777778,184.17944444444444,23.999166666666667
2025-12-22,5803,353478.78,32697.0,32697.0,2025-12-22 06:59:32,2025-12-22 16:13:46,143686.29,143782.73,1918,96.44000000000233,33254.0,9.0825,9.0825,9.237222222222222
2025-12-22,6514,600522.36,15091.0,2365150.0,2025-12-22 00:07:52,2025-12-22 23:50:35,114398.59,114484.1,1624,85.51000000000931,85363.0,4.191944444444444,656.9861111111111,23.711944444444445
2025-12-22,6574,1003859.03,79832.0,80561.0,2025-12-22 00:07:40,2025-12-22 23:59:56,144470.93,144632.67,2738,161.7400000000198,85936.0,22.175555555555555,22.378055555555555,23.871111111111112
2025-12-22,6635,2067292.54,193809.0,1840203.0,2025-12-22 00:00:11,2025-12-22 23:59:58,203049.13,203174.71,13820,125.5799999999872,86387.0,53.83583333333333,511.1675,23.996388888888887
2025-12-22,6881,236072.92,1138986.0,1138986.0,2025-12-22 00:00:02,2025-12-22 23:55:01,263393.16,263477.87,1556,84.71000000002095,86099.0,316.385,316.385,23.91638888888889
2025-12-22,7201,489477.71,3303440.0,3303440.0,2025-12-22 00:05:28,2025-12-22 23:53:18,2511.9,2604.95,1803,93.04999999999973,85670.0,917.6222222222223,917.6222222222223,23.79722222222222
2025-12-22,7224,153669.64,972506.0,972506.0,2025-12-22 00:06:30,2025-12-22 23:59:52,145121.66,145212.54,1455,90.88000000000466,86002.0,270.1405555555556,270.1405555555556,23.889444444444443
2025-12-22,7873,398320.29,36055.0,971812.0,2025-12-22 00:02:42,2025-12-22 23:56:08,105541.93,105625.44,2340,83.51000000000931,86006.0,10.015277777777778,269.9477777777778,23.890555555555554
2025-12-22,7912,316616.51,34133.0,426717.0,2025-12-22 00:09:34,2025-12-22 23:58:07,79642.73,79734.82,2037,92.09000000001106,85713.0,9.481388888888889,118.5325,23.809166666666666
2025-12-22,7924,1824937.54,70625.0,3051426.0,2025-12-22 00:07:42,2025-12-22 23:58:57,180689.3,180884.02,3424,194.72000000000116,85875.0,19.618055555555557,847.6183333333333,23.854166666666668
2025-12-22,8359,172955.6,34022.0,1558213.0,2025-12-22 00:05:36,2025-12-22 23:54:56,119022.48,119067.83,874,45.35000000000582,85760.0,9.450555555555555,432.83694444444444,23.822222222222223
2025-12-22,8527,759042.84,25541.0,1068042.0,2025-12-22 00:07:23,2025-12-22 23:57:58,174211.39,174313.57,1998,102.17999999999302,85835.0,7.094722222222222,296.67833333333334,23.843055555555555
2025-12-22,9279,1262889.84,0.0,552021.0,2025-12-22 00:02:06,2025-12-22 23:59:59,96220.74,96390.52,2617,169.77999999999884,86273.0,0.0,153.33916666666667,23.96472222222222
2025-12-22,9785,299843.74,34853.0,1399549.0,2025-12-22 00:03:07,2025-12-22 23:55:08,173574.78,173648.51,1272,73.73000000001048,85921.0,9.68138888888889,388.7636111111111,23.866944444444446
2025-12-22,9928,795700.94,22365.0,2658512.0,2025-12-22 00:00:43,2025-12-22 23:58:04,47946.31,48086.99,2229,140.6800000000003,86241.0,6.2125,738.4755555555555,23.955833333333334
2025-12-23,1106,1110391.61,53407.0,1071008.0,2025-12-23 00:01:41,2025-12-23 23:58:50,170114.74,170230.8,2498,116.05999999999767,86229.0,14.835277777777778,297.5022222222222,23.9525
2025-12-23,1409,163488.68,19977.0,1839057.0,2025-12-23 00:02:41,2025-12-23 23:50:48,167506.91,167556.89,1292,49.98000000001048,85687.0,5.549166666666666,510.8491666666667,23.801944444444445
2025-12-23,1434,1549228.86,541317.0,541317.0,2025-12-23 00:02:44,2025-12-23 23:54:26,218208.93,218338.46,3307,129.52999999999884,85902.0,150.36583333333334,150.36583333333334,23.861666666666668
2025-12-23,1488,1475428.02,22384.0,1945575.0,2025-12-23 00:08:54,2025-12-23 23:51:47,199170.19,199435.4,1820,265.20999999999185,85373.0,6.217777777777778,540.4375,23.71472222222222
2025-12-23,1520,865633.89,20224.0,4569612.0,2025-12-23 00:06:39,2025-12-23 23:59:29,198998.13,199121.74,2083,123.60999999998603,85970.0,5.6177777777777775,1269.3366666666666,23.880555555555556
2025-12-23,1711,2982308.81,68418.0,30222096.0,2025-12-23 00:00:22,2025-12-23 23:59:27,366509.72,366592.34,9096,82.62000000005355,86345.0,19.005,8395.026666666667,23.98472222222222
2025-12-23,2291,3263433.33,39854.0,12919485.0,2025-12-23 00:00:39,2025-12-23 23:59:35,28410.28,28492.97,9329,82.69000000000233,86336.0,11.070555555555556,3588.7458333333334,23.982222222222223
2025-12-23,2424,294880.11,1461901.0,3509984.0,2025-12-23 00:07:22,2025-12-23 23:54:45,18697.46,18759.37,1419,61.909999999999854,85643.0,406.0836111111111,974.9955555555556,23.789722222222224
2025-12-23,2519,288868.45,26802.0,26802.0,2025-12-23 07:01:30,2025-12-23 13:57:28,25942.86,26013.04,1226,70.18000000000029,24958.0,7.445,7.445,6.932777777777778
2025-12-23,2535,1074414.42,28542.0,1149991.0,2025-12-23 00:04:24,2025-12-23 23:51:52,98700.39,98821.89,2526,121.5,85648.0,7.928333333333334,319.44194444444446,23.79111111111111
2025-12-23,2584,863832.53,22171.0,1224215.0,2025-12-23 00:03:39,2025-12-23 23:53:14,159083.22,159151.41,1749,68.19000000000233,85775.0,6.158611111111111,340.0597222222222,23.82638888888889
2025-12-23,2674,479094.9,0.0,3621804.0,2025-12-23 00:03:33,2025-12-23 23:58:58,158364.96,158429.17,1434,64.21000000002095,86125.0,0.0,1006.0566666666666,23.92361111111111
2025-12-23,2679,515158.52,28173.0,3189923.0,2025-12-23 00:01:48,2025-12-23 23:58:20,236820.16,236917.71,2044,97.54999999998836,86192.0,7.825833333333334,886.0897222222222,23.942222222222224
2025-12-23,2824,374097.05,33295.0,1423328.0,2025-12-23 00:01:11,2025-12-23 23:50:08,98971.36,99044.96,1474,73.60000000000582,85737.0,9.248611111111112,395.3688888888889,23.815833333333334
2025-12-23,3045,494084.12,32587.0,472245.0,2025-12-23 06:58:48,2025-12-23 22:54:38,183479.54,183578.36,1591,98.81999999997788,57350.0,9.051944444444445,131.17916666666667,15.930555555555555
2025-12-23,3286,197915.23,29178.0,3475188.0,2025-12-23 00:04:26,2025-12-23 23:53:14,203217.25,203297.01,1370,79.76000000000931,85728.0,8.105,965.33,23.813333333333333
2025-12-23,3547,1839255.83,59311.0,979581.0,2025-12-23 00:00:01,2025-12-23 23:59:53,94934.02,95089.37,2653,155.34999999999127,86392.0,16.475277777777777,272.10583333333335,23.997777777777777
2025-12-23,3615,1246058.29,64627.0,804534.0,2025-12-23 00:00:08,2025-12-23 23:58:58,193941.98,194091.16,2357,149.17999999999302,86330.0,17.951944444444443,223.48166666666665,23.980555555555554
2025-12-23,4257,2264016.54,53090.0,476450.0,2025-12-23 00:00:22,2025-12-23 23:56:28,290663.78,290814.72,2914,150.93999999994412,86166.0,14.747222222222222,132.34722222222223,23.935
2025-12-23,4527,504354.07,30088.0,2184898.0,2025-12-23 00:07:34,2025-12-23 23:59:45,162072.46,162144.92,1663,72.46000000002095,85931.0,8.357777777777779,606.9161111111111,23.869722222222222
2025-12-23,4582,358449.42,17087.0,2865966.0,2025-12-23 00:06:38,2025-12-23 23:52:18,269289.02,269353.58,1254,64.55999999999767,85540.0,4.746388888888889,796.1016666666667,23.761111111111113
2025-12-23,4657,470287.52,23394.0,1925561.0,2025-12-23 00:00:44,2025-12-23 23:58:07,150954.08,151032.52,1678,78.44000000000233,86243.0,6.498333333333333,534.8780555555555,23.95638888888889
2025-12-23,4811,597340.86,21867.0,3168310.0,2025-12-23 00:07:38,2025-12-23 23:59:10,284564.23,284678.41,1808,114.17999999999302,85892.0,6.074166666666667,880.0861111111111,23.858888888888888
2025-12-23,5012,585277.79,25649.0,2422192.0,2025-12-23 00:06:35,2025-12-23 23:50:30,162231.57,162302.24,2008,70.6699999999837,85435.0,7.124722222222222,672.8311111111111,23.731944444444444
2025-12-23,5333,442450.08,56041220.0,56041220.0,2025-12-23 00:00:14,2025-12-23 23:59:10,291908.97,291908.97,1464,0.0,86336.0,15567.005555555555,15567.005555555555,23.982222222222223
2025-12-23,5506,431315.89,22954.0,2889646.0,2025-12-23 00:07:49,2025-12-23 23:50:03,277044.39,277135.36,1738,90.96999999997206,85334.0,6.376111111111111,802.6794444444445,23.70388888888889
2025-12-23,5552,1016780.84,0.0,1472793.0,2025-12-23 00:07:38,2025-12-23 20:34:39,185170.66,185253.42,1577,82.76000000000931,73621.0,0.0,409.1091666666667,20.450277777777778
2025-12-23,5557,1487131.84,22767.0,223587.0,2025-12-23 00:00:53,2025-12-23 23:58:50,116444.26,116600.25,2714,155.99000000000524,86277.0,6.324166666666667,62.1075,23.965833333333332
2025-12-23,5803,338235.98,30180.0,30180.0,2025-12-23 06:56:10,2025-12-23 13:34:40,143782.73,143838.67,1294,55.94000000000233,23910.0,8.383333333333333,8.383333333333333,6.641666666666667
2025-12-23,6514,1200191.73,656227.0,5534805.0,2025-12-23 00:00:35,2025-12-23 23:54:54,114484.1,114621.99,2492,137.88999999999942,86059.0,182.28527777777776,1537.4458333333334,23.905277777777776
2025-12-23,6574,1552792.61,71426.0,671560.0,2025-12-23 00:00:06,2025-12-23 23:59:44,144632.76,144800.59,2904,167.8299999999872,86378.0,19.840555555555557,186.54444444444445,23.99388888888889
2025-12-23,6635,2058426.07,84704.0,23288850.0,2025-12-23 00:00:58,2025-12-23 23:59:45,203174.71,203232.51,8493,57.80000000001746,86327.0,23.52888888888889,6469.125,23.97972222222222
2025-12-23,6881,277010.13,5763887.0,5763887.0,2025-12-23 00:05:01,2025-12-23 23:54:01,263477.87,263534.52,1245,56.65000000002328,85740.0,1601.0797222222222,1601.0797222222222,23.816666666666666
2025-12-23,7201,620632.35,2747504.0,2747504.0,2025-12-23 00:03:18,2025-12-23 23:59:01,2604.95,2690.28,1724,85.33000000000038,86143.0,763.1955555555555,763.1955555555555,23.92861111111111
2025-12-23,7224,244324.93,1125648.0,1125648.0,2025-12-23 00:09:52,2025-12-23 23:56:53,145212.54,145285.38,1306,72.83999999999651,85621.0,312.68,312.68,23.78361111111111
2025-12-23,7873,345695.48,29009.0,2058888.0,2025-12-23 00:06:08,2025-12-23 23:54:34,105625.44,105679.76,1420,54.31999999999243,85706.0,8.058055555555555,571.9133333333333,23.807222222222222
2025-12-23,7912,589997.99,34054.0,922408.0,2025-12-23 00:08:07,2025-12-23 23:55:32,79734.82,79837.52,2345,102.69999999999709,85645.0,9.459444444444445,256.22444444444443,23.790277777777778
2025-12-23,7924,2706830.74,56290.0,246612.0,2025-12-23 00:02:57,2025-12-23 23:57:43,180884.04,181095.32,3668,211.27999999999884,86086.0,15.636111111111111,68.50333333333333,23.912777777777777
2025-12-23,8359,231392.77,28306.0,4151518.0,2025-12-23 00:04:56,2025-12-23 23:51:08,119067.83,119115.71,946,47.88000000000466,85572.0,7.862777777777778,1153.1994444444445,23.77
2025-12-23,8527,600628.64,17594.0,3605400.0,2025-12-23 00:07:58,2025-12-23 23:55:26,174313.57,174370.78,1299,57.20999999999185,85648.0,4.887222222222222,1001.5,23.79111111111111
2025-12-23,9279,1517020.58,0.0,640666.0,2025-12-23 00:00:08,2025-12-23 23:53:16,96390.74,96523.9,2405,133.15999999998894,85988.0,0.0,177.96277777777777,23.885555555555555
2025-12-23,9785,398154.61,21907.0,3240508.0,2025-12-23 00:05:08,2025-12-23 23:57:16,173648.51,173722.94,1294,74.42999999999302,85928.0,6.085277777777778,900.1411111111111,23.86888888888889
2025-12-23,9928,673698.93,29224.0,849947.0,2025-12-23 00:08:04,2025-12-23 23:50:29,48086.99,48158.59,1454,71.59999999999854,85345.0,8.117777777777778,236.0963888888889,23.706944444444446
2025-12-24,1106,1582550.2,52827.0,917777.0,2025-12-24 00:08:50,2025-12-24 23:59:57,170230.8,170353.35,2821,122.55000000001746,85867.0,14.674166666666666,254.93805555555556,23.851944444444445
2025-12-24,1409,257823.78,19985.0,3676937.0,2025-12-24 00:00:48,2025-12-24 23:55:23,167556.89,167616.34,1420,59.44999999998254,86075.0,5.551388888888889,1021.3713888888889,23.90972222222222
2025-12-24,1434,1584241.46,1057679.0,1057679.0,2025-12-24 00:04:26,2025-12-24 23:59:54,218338.46,218441.87,2685,103.41000000000349,86128.0,293.7997222222222,293.7997222222222,23.924444444444443
2025-12-24,1488,1441634.13,16594.0,2512745.0,2025-12-24 00:01:47,2025-12-24 23:56:35,199435.4,199659.43,1362,224.02999999999884,86088.0,4.609444444444445,697.9847222222222,23.913333333333334
2025-12-24,1520,1090053.37,13179.0,6464390.0,2025-12-24 00:09:29,2025-12-24 23:52:54,199121.74,199250.02,2020,128.27999999999884,85405.0,3.660833333333333,1795.6638888888888,23.72361111111111
2025-12-24,1711,5730674.88,58009.0,29506184.0,2025-12-24 00:00:27,2025-12-24 23:59:01,366592.34,366703.76,13580,111.4199999999837,86314.0,16.113611111111112,8196.162222222221,23.976111111111113
2025-12-24,2291,4770482.81,40585.0,47771455.0,2025-12-24 00:00:35,2025-12-24 23:59:20,28492.97,28577.3,10958,84.32999999999811,86325.0,11.27361111111111,13269.84861111111,23.979166666666668
2025-12-24,2424,373046.51,2333710.0,3925427.0,2025-12-24 00:04:45,2025-12-24 23:58:34,18759.37,18813.19,1394,53.81999999999971,86029.0,648.2527777777777,1090.3963888888889,23.896944444444443
2025-12-24,2519,285476.01,850161.0,850161.0,2025-12-24 06:56:10,2025-12-24 23:57:06,26013.04,26064.76,955,51.719999999997526,61256.0,236.15583333333333,236.15583333333333,17.015555555555554
2025-12-24,2535,1141431.85,22862.0,2158320.0,2025-12-24 00:01:52,2025-12-24 23:51:46,98821.89,98948.09,2063,126.19999999999709,85794.0,6.350555555555555,599.5333333333333,23.831666666666667
2025-12-24,2584,996268.3,21360.0,3523816.0,2025-12-24 00:03:14,2025-12-24 23:56:44,159151.41,159221.04,1773,69.63000000000466,86010.0,5.933333333333334,978.8377777777778,23.891666666666666
2025-12-24,2674,578683.95,0.0,3088081.0,2025-12-24 00:08:58,2025-12-24 23:57:56,158429.17,158493.25,1453,64.0799999999872,85738.0,0.0,857.8002777777778,23.816111111111113
2025-12-24,2679,448852.46,23455.0,3334263.0,2025-12-24 00:08:20,2025-12-24 23:53:42,236917.71,237000.4,1311,82.69000000000233,85522.0,6.5152777777777775,926.1841666666667,23.75611111111111
2025-12-24,2824,530378.61,23172.0,3732501.0,2025-12-24 00:00:08,2025-12-24 23:57:43,99044.96,99118.67,1621,73.70999999999185,86255.0,6.4366666666666665,1036.8058333333333,23.959722222222222
2025-12-24,3045,359613.93,20491.0,162363.0,2025-12-24 06:56:59,2025-12-24 16:54:55,183578.36,183624.9,938,46.54000000000815,35876.0,5.691944444444444,45.100833333333334,9.965555555555556
2025-12-24,3286,160663.82,14409.0,2280565.0,2025-12-24 00:03:14,2025-12-24 23:53:39,203297.01,203340.52,756,43.50999999998021,85825.0,4.0025,633.4902777777778,23.84027777777778
2025-12-24,3547,2739071.86,41737.0,932544.0,2025-12-24 00:00:03,2025-12-24 23:59:50,95089.44,95304.16,3134,214.72000000000116,86387.0,11.59361111111111,259.04,23.996388888888887
2025-12-24,3615,1682475.65,44807.0,885058.0,2025-12-24 00:00:24,2025-12-24 23:59:03,194091.19,194223.28,2477,132.0899999999965,86319.0,12.446388888888889,245.84944444444446,23.9775
2025-12-24,4257,2520066.96,56548.0,910189.0,2025-12-24 00:00:13,2025-12-24 23:59:56,290814.78,290961.41,2725,146.62999999994645,86383.0,15.707777777777778,252.83027777777778,23.995277777777776
2025-12-24,4527,720494.33,27696.0,4908700.0,2025-12-24 00:09:45,2025-12-24 23:55:31,162144.92,162213.29,1932,68.36999999999534,85546.0,7.693333333333333,1363.5277777777778,23.762777777777778
2025-12-24,4582,380294.67,31563.0,4055011.0,2025-12-24 00:02:18,2025-12-24 23:56:44,269353.58,269406.77,1097,53.19000000000233,86066.0,8.7675,1126.3919444444443,23.907222222222224
2025-12-24,4657,636667.44,71490.0,3929704.0,2025-12-24 00:08:07,2025-12-24 23:50:56,151032.52,151114.89,1763,82.37000000002445,85369.0,19.858333333333334,1091.5844444444444,23.71361111111111
2025-12-24,4811,572449.5,15177.0,4103486.0,2025-12-24 00:09:10,2025-12-24 23:52:45,284678.41,284747.8,1358,69.39000000001397,85415.0,4.215833333333333,1139.8572222222222,23.726388888888888
2025-12-24,5012,812092.79,22171.0,792197.0,2025-12-24 00:00:30,2025-12-24 14:29:31,162302.24,162384.22,2267,81.98000000001048,52141.0,6.158611111111111,220.0547222222222,14.483611111111111
2025-12-24,5333,444649.07999999996,0.0,0.0,2025-12-24 00:00:10,2025-12-24 23:59:06,291908.97,291909.03,1471,0.060000000055879354,86336.0,0.0,0.0,23.982222222222223
2025-12-24,5506,449640.31,26485.0,3050404.0,2025-12-24 00:00:03,2025-12-24 23:57:16,277135.36,277210.68,1353,75.32000000000698,86233.0,7.356944444444444,847.3344444444444,23.953611111111112
2025-12-24,5552,1090391.92,0.0,428349.0,2025-12-24 12:53:38,2025-12-24 23:53:53,185253.42,185345.49,1504,92.06999999997788,39615.0,0.0,118.98583333333333,11.004166666666666
2025-12-24,5557,3101004.18,44480.0,127486.0,2025-12-24 00:00:00,2025-12-24 23:22:00,116600.28,116838.06,4125,237.77999999999884,84120.0,12.355555555555556,35.41277777777778,23.366666666666667
2025-12-24,5803,587433.25,37186.0,37186.0,2025-12-24 06:55:55,2025-12-24 16:44:57,143838.67,143926.16,1764,87.48999999999069,35342.0,10.329444444444444,10.329444444444444,9.817222222222222
2025-12-24,6514,825583.7,2660170.0,5816581.0,2025-12-24 00:04:54,2025-12-24 23:51:44,114621.99,114686.5,1421,64.50999999999476,85610.0,738.9361111111111,1615.7169444444444,23.780555555555555
2025-12-24,6574,1674057.3,55606.0,994348.0,2025-12-24 00:00:14,2025-12-24 23:59:52,144800.59,144939.21,2454,138.61999999999534,86378.0,15.446111111111112,276.2077777777778,23.99388888888889
2025-12-24,6635,3590846.83,69879.0,23987385.0,2025-12-24 00:00:45,2025-12-24 23:59:12,203232.51,203324.2,11366,91.69000000000233,86307.0,19.410833333333333,6663.1625,23.974166666666665
2025-12-24,6881,312175.75,5566073.0,5566073.0,2025-12-24 00:04:01,2025-12-24 23:57:43,263534.52,263587.74,1120,53.21999999997206,86022.0,1546.131388888889,1546.131388888889,23.895
2025-12-24,7201,674923.81,3308167.0,3308167.0,2025-12-24 00:09:01,2025-12-24 23:57:38,2690.28,2769.39,1534,79.10999999999967,85717.0,918.9352777777777,918.9352777777777,23.810277777777777
2025-12-24,7224,531589.55,2367364.0,2367364.0,2025-12-24 00:06:53,2025-12-24 23:52:48,145285.38,145395.54,1906,110.16000000000349,85555.0,657.6011111111111,657.6011111111111,23.76527777777778
2025-12-24,7873,541564.86,32748.0,4476535.0,2025-12-24 00:04:34,2025-12-24 23:51:22,105679.76,105753.96,1778,74.20000000001164,85608.0,9.096666666666666,1243.4819444444445,23.78
2025-12-24,7912,73353.98,10513.0,3219686.0,2025-12-24 00:05:32,2025-12-24 23:53:16,79837.52,79842.03,234,4.509999999994761,85664.0,2.9202777777777778,894.3572222222223,23.795555555555556
2025-12-24,7924,2806888.61,58307.0,885182.0,2025-12-24 00:07:43,2025-12-24 23:58:44,181095.32,181257.02,3064,161.69999999998254,85861.0,16.19638888888889,245.8838888888889,23.850277777777777
2025-12-24,8359,302581.28,29755.0,4531340.0,2025-12-24 00:01:08,2025-12-24 23:52:29,119115.71,119168.13,1031,52.419999999998254,85881.0,8.265277777777778,1258.7055555555555,23.855833333333333
2025-12-24,8527,1251756.95,24203.0,2858683.0,2025-12-24 00:05:26,2025-12-24 23:56:35,174370.78,174650.24,2162,279.45999999999185,85869.0,6.723055555555556,794.0786111111111,23.8525
2025-12-24,9279,1749757.18,0.0,1273811.0,2025-12-24 00:03:16,2025-12-24 23:59:57,96523.9,96656.57,2306,132.6700000000128,86201.0,0.0,353.8363888888889,23.94472222222222
2025-12-24,9785,365589.31,27848.0,3698130.0,2025-12-24 00:07:16,2025-12-24 23:56:41,173722.94,173772.6,983,49.66000000000349,85765.0,7.735555555555556,1027.2583333333334,23.823611111111113
2025-12-24,9928,1267216.16,23462.0,2495856.0,2025-12-24 00:00:29,2025-12-24 23:54:02,48158.59,48296.31,2218,137.72000000000116,86013.0,6.517222222222222,693.2933333333333,23.8925
2025-12-24,9935,31333.909999999996,14059.0,2053404.0,2025-12-24 11:20:39,2025-12-24 23:50:35,134975.38,134975.38,97,0.0,44996.0,3.9052777777777776,570.39,12.498888888888889
2025-12-25,1106,499629.79,5744.0,477965.0,2025-12-25 00:00:06,2025-12-25 08:30:45,170353.35,170399.01,769,45.66000000000349,30639.0,1.5955555555555556,132.76805555555555,8.510833333333334
2025-12-25,1409,112090.7,7316.0,2783863.0,2025-12-25 00:05:23,2025-12-25 08:46:05,167616.34,167630.35,503,14.010000000009313,31242.0,2.0322222222222224,773.2952777777778,8.678333333333333
2025-12-25,1434,358816.72,587267.0,587267.0,2025-12-25 00:00:03,2025-12-25 08:35:20,218442.08,218472.36,541,30.279999999998836,30917.0,163.12972222222223,163.12972222222223,8.588055555555556
2025-12-25,1488,520194.46,8358.0,2015424.0,2025-12-25 00:06:35,2025-12-25 08:45:08,199659.43,199670.43,429,11.0,31113.0,2.3216666666666668,559.84,8.6425
2025-12-25,1520,415570.0,6738.0,4060664.0,2025-12-25 00:02:54,2025-12-25 08:44:37,199250.02,199293.64,659,43.62000000002445,31303.0,1.8716666666666666,1127.9622222222222,8.695277777777777
2025-12-25,1711,581123.43,29157.0,22770862.0,2025-12-25 00:00:01,2025-12-25 08:34:36,366703.76,366709.37,1201,5.60999999998603,30875.0,8.099166666666667,6325.239444444444,8.57638888888889
2025-12-25,2291,1444637.15,7124.0,43192130.0,2025-12-25 00:00:20,2025-12-25 08:45:08,28577.3,28598.34,2965,21.040000000000873,31488.0,1.978888888888889,11997.81388888889,8.746666666666666
2025-12-25,2424,148842.03,9365.0,2531728.0,2025-12-25 00:08:34,2025-12-25 08:42:37,18813.19,18826.73,484,13.540000000000873,30843.0,2.6013888888888888,703.2577777777777,8.5675
2025-12-25,2519,96459.5,1963183.0,1963183.0,2025-12-25 00:07:06,2025-12-25 08:31:59,26064.76,26080.9,290,16.140000000003056,30293.0,545.3286111111111,545.3286111111111,8.414722222222222
2025-12-25,2535,373598.21,17543.0,2070455.0,2025-12-25 00:01:46,2025-12-25 08:36:04,98948.09,98974.03,590,25.94000000000233,30858.0,4.873055555555555,575.1263888888889,8.571666666666667
2025-12-25,2584,346074.28,12370.0,3085222.0,2025-12-25 00:06:43,2025-12-25 08:38:37,159221.04,159238.91,564,17.869999999995343,30714.0,3.436111111111111,857.0061111111111,8.531666666666666
2025-12-25,2674,158880.0,0.0,1906587.0,2025-12-25 00:07:56,2025-12-25 08:41:30,158493.25,158508.1,359,14.85000000000582,30814.0,0.0,529.6075,8.559444444444445
2025-12-25,2679,144160.74,6542.0,2545570.0,2025-12-25 00:03:42,2025-12-25 08:30:46,237000.4,237007.8,368,7.399999999994179,30424.0,1.8172222222222223,707.1027777777778,8.45111111111111
2025-12-25,2824,92566.91,6590.0,2597105.0,2025-12-25 00:07:43,2025-12-25 08:33:38,99118.67,99126.14,248,7.470000000001164,30355.0,1.8305555555555555,721.4180555555556,8.431944444444444
2025-12-25,3045,76725.56,8394.0,8394.0,2025-12-25 06:59:17,2025-12-25 08:34:24,183624.9,183631.65,185,6.75,5707.0,2.3316666666666666,2.3316666666666666,1.5852777777777778
2025-12-25,3286,81093.97,11700.0,2596858.0,2025-12-25 00:03:39,2025-12-25 08:58:44,203340.52,203348.3,338,7.779999999998836,32105.0,3.25,721.3494444444444,8.918055555555556
2025-12-25,3547,430965.26,4482.0,613064.0,2025-12-25 00:00:00,2025-12-25 08:24:26,95304.22,95328.17,432,23.94999999999709,30266.0,1.245,170.29555555555555,8.407222222222222
2025-12-25,3615,580548.73,16038.0,279404.0,2025-12-25 00:04:03,2025-12-25 08:37:52,194223.32,194271.95,749,48.63000000000466,30829.0,4.455,77.61222222222223,8.563611111111111
2025-12-25,4257,1575483.8,26402.0,60999.0,2025-12-25 00:00:06,2025-12-25 08:41:50,290961.41,291062.15,1509,100.7400000000489,31304.0,7.333888888888889,16.944166666666668,8.695555555555556
2025-12-25,4527,141579.28,5169.0,2665788.0,2025-12-25 00:05:31,2025-12-25 08:26:53,162213.29,162222.04,338,8.75,30082.0,1.4358333333333333,740.4966666666667,8.356111111111112
2025-12-25,4582,130715.43,20158.0,3054816.0,2025-12-25 00:06:44,2025-12-25 08:23:32,269406.77,269422.01,344,15.239999999990687,29808.0,5.599444444444444,848.56,8.28
2025-12-25,4657,180598.93,7749.0,2773638.0,2025-12-25 00:00:56,2025-12-25 08:36:22,151114.89,151135.07,433,20.179999999993015,30926.0,2.1525,770.455,8.590555555555556
2025-12-25,4811,181549.23,7652.0,2924196.0,2025-12-25 00:02:45,2025-12-25 08:37:43,284747.8,284764.35,386,16.54999999998836,30898.0,2.1255555555555556,812.2766666666666,8.582777777777778
2025-12-25,5012,206369.71,7915.0,7915.0,2025-12-25 06:52:44,2025-12-25 08:32:03,162384.23,162402.63,485,18.39999999999418,5959.0,2.198611111111111,2.198611111111111,1.6552777777777778
2025-12-25,5333,161115.24,0.0,0.0,2025-12-25 00:00:06,2025-12-25 08:43:04,291909.03,291909.03,533,0.0,31378.0,0.0,0.0,8.716111111111111
2025-12-25,5506,89318.51,18202.0,2767174.0,2025-12-25 00:07:16,2025-12-25 08:27:36,277210.68,277215.22,238,4.539999999979045,30020.0,5.056111111111111,768.6594444444445,8.338888888888889
2025-12-25,5552,187699.89,0.0,680268.0,2025-12-25 00:03:39,2025-12-25 08:26:08,185345.49,185352.79,240,7.300000000017462,30149.0,0.0,188.96333333333334,8.374722222222223
2025-12-25,5803,382.88,300.0,300.0,2025-12-25 06:59:38,2025-12-25 06:59:38,143926.22,143926.22,1,0.0,0.0,0.08333333333333333,0.08333333333333333,0.0
2025-12-25,6514,137581.2,4929.0,4585448.0,2025-12-25 00:01:44,2025-12-25 08:31:25,114686.5,114694.0,222,7.5,30581.0,1.3691666666666666,1273.7355555555555,8.494722222222222
2025-12-25,6574,357044.52,10921.0,668185.0,2025-12-25 00:00:02,2025-12-25 08:46:47,144939.36,144961.79,458,22.43000000002212,31605.0,3.033611111111111,185.60694444444445,8.779166666666667
2025-12-25,6635,919883.32,21765.0,7032483.0,2025-12-25 00:00:12,2025-12-25 08:58:06,203324.2,203337.86,2464,13.659999999974389,32274.0,6.045833333333333,1953.4675,8.965
2025-12-25,6881,87509.74,3245353.0,3245353.0,2025-12-25 00:07:43,2025-12-25 08:45:53,263587.74,263597.66,280,9.919999999983702,31090.0,901.4869444444445,901.4869444444445,8.636111111111111
2025-12-25,7201,119612.82,2387899.0,2387899.0,2025-12-25 00:07:38,2025-12-25 08:27:27,2769.39,2781.4,244,12.010000000000218,29989.0,663.3052777777777,663.3052777777777,8.330277777777777
2025-12-25,7224,97162.68,2335712.0,2335712.0,2025-12-25 00:02:48,2025-12-25 08:25:29,145395.54,145407.69,284,12.14999999999418,30161.0,648.8088888888889,648.8088888888889,8.378055555555555
2025-12-25,7873,132091.6,17856.0,2961302.0,2025-12-25 00:01:22,2025-12-25 08:36:55,105753.96,105764.54,371,10.579999999987194,30933.0,4.96,822.5838888888889,8.5925
2025-12-25,7912,142083.33,6843.0,1245218.0,2025-12-25 00:03:16,2025-12-25 08:38:38,79842.03,79851.86,442,9.830000000001746,30922.0,1.9008333333333334,345.8938888888889,8.589444444444444
2025-12-25,7924,1070418.69,17631.0,17535.0,2025-12-25 00:01:50,2025-12-25 08:45:21,181257.03,181317.89,1025,60.860000000015134,31411.0,4.8975,4.870833333333334,8.725277777777778
2025-12-25,8359,70583.49,10749.0,2961099.0,2025-12-25 00:02:29,2025-12-25 08:26:18,119168.13,119175.15,216,7.019999999989523,30229.0,2.9858333333333333,822.5275,8.396944444444445
2025-12-25,8527,182179.68,9361.0,1600486.0,2025-12-25 00:06:35,2025-12-25 08:33:49,174650.24,174657.93,234,7.690000000002328,30434.0,2.600277777777778,444.57944444444445,8.453888888888889
2025-12-25,9279,279084.06,0.0,582770.0,2025-12-25 00:00:07,2025-12-25 08:55:58,96656.77,96669.25,332,12.479999999995925,32151.0,0.0,161.88055555555556,8.930833333333334
2025-12-25,9785,117569.68,10121.0,1905669.0,2025-12-25 00:06:41,2025-12-25 08:39:42,173772.6,173783.27,290,10.669999999983702,30781.0,2.8113888888888887,529.3525,8.550277777777778
2025-12-25,9928,321381.45,6497.0,3329281.0,2025-12-25 00:04:02,2025-12-25 08:26:11,48296.31,48316.48,496,20.17000000000553,30129.0,1.8047222222222221,924.8002777777778,8.369166666666667
2025-12-25,9935,22935.309999999998,498.0,3744073.0,2025-12-25 00:00:35,2025-12-25 08:30:59,134975.38,134975.41,71,0.029999999998835847,30624.0,0.13833333333333334,1040.0202777777777,8.506666666666666
