date,vehicle_id,vehicle_type,stops_used,opt_km,baseline_alpha_km,savings_vs_alpha_km,savings_vs_alpha_pct,baseline_random_mean_km,baseline_random_p10_km,baseline_random_p90_km,savings_vs_random_mean_km,savings_vs_random_mean_pct,random_iters,random_seed
2025-11-26,4611,UNKNOWN,1,0.0,0.0,0.0,,0.0,0.0,0.0,0.0,,50,42
2025-11-26,9935,UNKNOWN,13,6.134,12.725,6.592,51.8,19.91,16.75,23.518,13.776,69.19,50,42
2025-11-27,9935,UNKNOWN,12,4.848,8.193,3.346,40.83,11.168,9.052,12.78,6.321,56.59,50,42
2025-11-28,9935,UNKNOWN,2,2.241,2.241,0.0,0.0,2.241,2.241,2.241,0.0,0.0,50,42
2025-11-29,9935,UNKNOWN,9,4.591,4.911,0.32,6.52,8.458,6.698,9.3,3.867,45.72,50,42
2025-11-30,9935,UNKNOWN,7,4.272,4.877,0.605,12.4,7.184,5.278,8.559,2.912,40.53,50,42
2025-12-01,9935,UNKNOWN,11,6.12,10.855,4.734,43.62,13.295,11.659,15.171,7.175,53.97,50,42
2025-12-02,9935,UNKNOWN,2,2.099,2.099,0.0,0.0,2.099,2.099,2.099,0.0,0.0,50,42
2025-12-16,9935,UNKNOWN,1,0.0,0.0,0.0,,0.0,0.0,0.0,0.0,,50,42
2025-12-17,9935,UNKNOWN,1,0.0,0.0,0.0,,0.0,0.0,0.0,0.0,,50,42
2025-12-19,1106,UNKNOWN,15,4.568,6.983,2.416,34.59,15.528,13.483,17.997,10.96,70.58,50,42
2025-12-19,1409,UNKNOWN,1,0.0,0.0,0.0,,0.0,0.0,0.0,0.0,,50,42
2025-12-19,1434,UNKNOWN,17,14.376,37.583,23.207,61.75,46.917,37.781,55.38,32.541,69.36,50,42
2025-12-19,1488,UNKNOWN,8,6.307,10.847,4.539,41.85,13.288,10.188,15.783,6.981,52.53,50,42
2025-12-19,1520,UNKNOWN,2,0.053,0.053,0.0,0.0,0.053,0.053,0.053,-0.0,-0.0,50,42
2025-12-19,1711,UNKNOWN,4,18.512,25.424,6.911,27.18,28.142,18.951,35.985,9.629,34.22,50,42
2025-12-19,2291,UNKNOWN,5,11.276,11.276,0.0,0.0,18.955,11.608,21.982,7.68,40.51,50,42
2025-12-19,2424,UNKNOWN,11,13.847,13.981,0.133,0.95,33.017,27.006,38.505,19.17,58.06,50,42
2025-12-19,2519,UNKNOWN,6,10.926,10.926,0.0,0.0,19.075,14.422,22.321,8.149,42.72,50,42
2025-12-19,2535,UNKNOWN,6,23.452,24.756,1.304,5.27,41.695,31.476,51.035,18.243,43.75,50,42
2025-12-19,2584,UNKNOWN,16,11.651,13.665,2.015,14.74,69.148,53.236,84.176,57.497,83.15,50,42
2025-12-19,2674,UNKNOWN,10,10.603,11.188,0.585,5.23,19.893,13.637,22.31,9.291,46.7,50,42
2025-12-19,2679,UNKNOWN,8,8.386,9.026,0.64,7.09,15.698,10.696,18.517,7.312,46.58,50,42
2025-12-19,2824,UNKNOWN,12,14.269,14.618,0.35,2.39,35.011,29.914,40.377,20.742,59.25,50,42
2025-12-19,3045,UNKNOWN,8,5.944,5.944,0.0,0.0,16.276,11.565,21.782,10.332,63.48,50,42
2025-12-19,3286,UNKNOWN,9,13.778,13.968,0.19,1.36,27.974,20.098,36.46,14.196,50.75,50,42
2025-12-19,3547,UNKNOWN,11,10.159,20.703,10.544,50.93,29.463,24.796,34.765,19.303,65.52,50,42
2025-12-19,3615,UNKNOWN,17,33.559,49.042,15.483,31.57,84.454,74.361,94.307,50.895,60.26,50,42
2025-12-19,4257,UNKNOWN,15,22.761,45.38,22.619,49.84,80.483,59.688,98.478,57.722,71.72,50,42
2025-12-19,4527,UNKNOWN,9,10.269,10.767,0.499,4.63,20.342,15.663,24.911,10.073,49.52,50,42
2025-12-19,4582,UNKNOWN,7,12.274,12.265,-0.009,-0.08,23.562,18.174,29.892,11.287,47.91,50,42
2025-12-19,4657,UNKNOWN,2,0.007,0.007,0.0,0.0,0.007,0.007,0.007,0.0,0.0,50,42
2025-12-19,4811,UNKNOWN,5,9.762,10.556,0.794,7.52,21.986,10.993,28.753,12.224,55.6,50,42
2025-12-19,5012,UNKNOWN,7,21.727,22.864,1.137,4.97,35.103,29.366,41.184,13.377,38.11,50,42
2025-12-19,5333,UNKNOWN,9,8.608,8.985,0.377,4.19,16.138,12.097,18.229,7.53,46.66,50,42
2025-12-19,5506,UNKNOWN,8,7.636,8.23,0.594,7.22,12.679,8.469,14.623,5.043,39.77,50,42
2025-12-19,5552,UNKNOWN,11,8.178,8.987,0.81,9.01,26.722,20.392,32.19,18.545,69.4,50,42
2025-12-19,5557,UNKNOWN,7,19.822,25.503,5.681,22.28,56.913,40.983,76.856,37.091,65.17,50,42
2025-12-19,5803,UNKNOWN,9,7.697,13.131,5.434,41.38,21.765,16.64,27.029,14.068,64.64,50,42
2025-12-19,6514,UNKNOWN,7,11.518,11.518,0.0,0.0,25.723,18.071,31.77,14.205,55.22,50,42
2025-12-19,6574,UNKNOWN,23,21.537,29.745,8.208,27.6,78.146,62.301,89.549,56.61,72.44,50,42
2025-12-19,6635,UNKNOWN,11,7.378,8.285,0.907,10.95,22.564,14.995,27.477,15.186,67.3,50,42
2025-12-19,6881,UNKNOWN,7,5.566,6.158,0.592,9.61,15.953,11.019,20.043,10.387,65.11,50,42
2025-12-19,7201,UNKNOWN,7,7.583,7.59,0.006,0.08,14.048,10.614,17.328,6.464,46.02,50,42
2025-12-19,7224,UNKNOWN,3,0.313,0.308,-0.005,-1.74,0.368,0.308,0.515,0.055,14.85,50,42
2025-12-19,7873,UNKNOWN,5,17.646,17.675,0.029,0.17,29.755,24.395,36.966,12.109,40.7,50,42
2025-12-19,7912,UNKNOWN,16,10.786,11.697,0.911,7.79,24.351,19.642,26.685,13.564,55.7,50,42
2025-12-19,7924,UNKNOWN,19,25.852,42.443,16.591,39.09,78.876,69.311,88.085,53.024,67.22,50,42
2025-12-19,8359,UNKNOWN,5,9.9,9.9,0.0,0.0,15.43,10.815,19.128,5.53,35.84,50,42
2025-12-19,8527,UNKNOWN,5,4.544,4.531,-0.013,-0.28,9.775,4.667,12.712,5.232,53.52,50,42
2025-12-19,9279,UNKNOWN,7,8.131,8.969,0.838,9.34,17.89,10.327,24.362,9.759,54.55,50,42
2025-12-19,9785,UNKNOWN,10,7.508,11.016,3.509,31.85,16.915,14.075,19.829,9.408,55.62,50,42
2025-12-19,9928,UNKNOWN,8,10.735,17.971,7.236,40.27,30.566,21.169,36.741,19.831,64.88,50,42
2025-12-20,1106,UNKNOWN,18,13.846,14.557,0.711,4.88,77.12,58.115,95.29,63.274,82.05,50,42
2025-12-20,1434,UNKNOWN,25,17.305,31.129,13.825,44.41,47.492,42.606,51.9,30.188,63.56,50,42
2025-12-20,1488,UNKNOWN,6,5.657,7.574,1.918,25.32,9.796,7.004,11.956,4.139,42.26,50,42
2025-12-20,1520,UNKNOWN,2,14.01,14.01,0.0,0.0,14.01,14.01,14.01,0.0,0.0,50,42
2025-12-20,1711,UNKNOWN,13,5.742,9.8,4.058,41.41,23.401,17.885,28.964,17.659,75.46,50,42
2025-12-20,2291,UNKNOWN,8,12.788,22.247,9.459,42.52,44.304,14.662,62.836,31.515,71.13,50,42
2025-12-20,2424,UNKNOWN,9,12.363,12.363,0.0,0.0,23.329,19.628,26.444,10.966,47.0,50,42
2025-12-20,2519,UNKNOWN,9,9.562,9.562,0.0,0.0,30.402,17.347,38.162,20.84,68.55,50,42
2025-12-20,2535,UNKNOWN,10,37.257,43.049,5.791,13.45,79.091,58.104,100.229,41.833,52.89,50,42
2025-12-20,2584,UNKNOWN,4,8.628,8.628,0.0,0.0,16.954,8.662,22.687,8.326,49.11,50,42
2025-12-20,2674,UNKNOWN,7,9.817,10.019,0.202,2.01,18.303,11.759,20.743,8.486,46.36,50,42
2025-12-20,2679,UNKNOWN,10,3.591,3.591,0.0,0.0,6.814,5.824,7.711,3.222,47.29,50,42
2025-12-20,2824,UNKNOWN,11,6.5,7.048,0.548,7.77,12.896,10.158,14.289,6.396,49.6,50,42
2025-12-20,3045,UNKNOWN,7,4.863,5.253,0.39,7.42,12.802,8.774,16.663,7.939,62.01,50,42
2025-12-20,3286,UNKNOWN,7,7.405,7.469,0.064,0.86,17.036,9.9,23.133,9.63,56.53,50,42
2025-12-20,3547,UNKNOWN,11,18.502,31.321,12.819,40.93,41.839,35.702,48.611,23.338,55.78,50,42
2025-12-20,3615,UNKNOWN,20,33.748,58.754,25.006,42.56,113.332,97.802,125.373,79.584,70.22,50,42
2025-12-20,4257,UNKNOWN,22,28.833,65.633,36.799,56.07,135.543,115.382,161.127,106.71,78.73,50,42
2025-12-20,4527,UNKNOWN,11,14.339,17.101,2.762,16.15,31.898,27.768,36.377,17.559,55.05,50,42
2025-12-20,4582,UNKNOWN,4,9.799,9.799,0.0,0.0,14.268,10.127,19.366,4.469,31.32,50,42
2025-12-20,4657,UNKNOWN,10,12.841,17.172,4.331,25.22,30.057,24.284,35.494,17.217,57.28,50,42
2025-12-20,4811,UNKNOWN,6,10.267,12.052,1.785,14.81,16.912,11.753,21.073,6.646,39.29,50,42
2025-12-20,5012,UNKNOWN,8,9.897,10.057,0.161,1.6,16.457,10.496,19.409,6.56,39.86,50,42
2025-12-20,5333,UNKNOWN,8,16.572,16.833,0.262,1.55,38.033,30.597,45.527,21.462,56.43,50,42
2025-12-20,5506,UNKNOWN,6,2.933,3.85,0.918,23.84,4.476,3.773,5.355,1.544,34.49,50,42
2025-12-20,5552,UNKNOWN,14,13.605,14.299,0.694,4.85,34.688,29.743,40.01,21.083,60.78,50,42
2025-12-20,5557,UNKNOWN,4,16.369,16.369,0.0,0.0,23.215,16.353,31.773,6.846,29.49,50,42
2025-12-20,5803,UNKNOWN,9,13.117,13.117,0.0,0.0,35.955,26.834,45.584,22.838,63.52,50,42
2025-12-20,6514,UNKNOWN,12,22.152,17.985,-4.166,-23.16,60.261,50.45,69.631,38.11,63.24,50,42
2025-12-20,6574,UNKNOWN,17,22.704,24.735,2.031,8.21,68.589,56.944,77.132,45.885,66.9,50,42
2025-12-20,6635,UNKNOWN,3,6.088,6.088,0.0,0.0,8.575,6.088,11.574,2.487,29.01,50,42
2025-12-20,6881,UNKNOWN,6,5.543,5.853,0.31,5.3,10.763,7.196,13.312,5.22,48.5,50,42
2025-12-20,7201,UNKNOWN,7,13.07,12.873,-0.197,-1.53,32.308,23.067,42.897,19.239,59.55,50,42
2025-12-20,7224,UNKNOWN,7,7.016,8.369,1.353,16.16,12.539,10.111,15.102,5.523,44.05,50,42
2025-12-20,7873,UNKNOWN,5,4.578,5.653,1.075,19.01,8.07,6.636,10.045,3.492,43.27,50,42
2025-12-20,7912,UNKNOWN,7,12.79,15.468,2.679,17.32,21.957,17.901,24.516,9.167,41.75,50,42
2025-12-20,7924,UNKNOWN,23,34.172,80.866,46.694,57.74,105.863,92.862,118.896,71.691,67.72,50,42
2025-12-20,8359,UNKNOWN,4,4.501,4.501,0.0,0.0,7.008,4.737,9.423,2.507,35.77,50,42
2025-12-20,8527,UNKNOWN,5,5.634,5.895,0.261,4.44,8.895,6.242,10.167,3.261,36.66,50,42
2025-12-20,9279,UNKNOWN,14,10.266,18.365,8.099,44.1,43.607,36.136,49.988,33.341,76.46,50,42
2025-12-20,9785,UNKNOWN,8,13.696,13.87,0.174,1.25,24.899,19.401,31.229,11.203,44.99,50,42
2025-12-20,9928,UNKNOWN,6,13.939,16.092,2.153,13.38,31.026,22.416,41.845,17.087,55.07,50,42
2025-12-21,1106,UNKNOWN,10,10.7,10.946,0.246,2.25,19.881,13.039,21.699,9.182,46.18,50,42
2025-12-21,1434,UNKNOWN,1,0.0,0.0,0.0,,0.0,0.0,0.0,0.0,,50,42
2025-12-21,2519,UNKNOWN,1,0.0,0.0,0.0,,0.0,0.0,0.0,0.0,,50,42
2025-12-21,2674,UNKNOWN,6,9.124,9.932,0.808,8.14,15.438,9.771,18.353,6.314,40.9,50,42
2025-12-21,2824,UNKNOWN,10,6.906,7.623,0.717,9.4,12.476,10.216,14.017,5.57,44.65,50,42
2025-12-21,3045,UNKNOWN,4,15.171,15.171,0.0,0.0,18.226,15.436,21.436,3.056,16.77,50,42
2025-12-21,3547,UNKNOWN,5,5.876,6.412,0.536,8.36,11.299,7.331,13.939,5.423,48.0,50,42
2025-12-21,3615,UNKNOWN,3,10.048,10.048,0.0,0.0,11.432,9.236,15.367,1.384,12.11,50,42
2025-12-21,4257,UNKNOWN,14,22.46,46.002,23.542,51.18,79.841,59.133,96.487,57.381,71.87,50,42
2025-12-21,4527,UNKNOWN,2,2.382,2.382,0.0,0.0,2.382,2.382,2.382,0.0,0.0,50,42
2025-12-21,4811,UNKNOWN,7,10.036,11.433,1.398,12.22,17.439,12.472,21.602,7.404,42.45,50,42
2025-12-21,5552,UNKNOWN,3,2.514,2.514,0.0,0.0,3.311,2.514,4.985,0.797,24.08,50,42
2025-12-21,5557,UNKNOWN,10,29.427,42.245,12.819,30.34,46.078,40.11,51.621,16.652,36.14,50,42
2025-12-21,7201,UNKNOWN,3,22.431,22.76,0.328,1.44,21.366,19.236,22.76,-1.065,-4.98,50,42
2025-12-21,7924,UNKNOWN,16,28.778,54.631,25.853,47.32,83.05,71.211,94.972,54.272,65.35,50,42
2025-12-21,9279,UNKNOWN,9,23.22,50.378,27.158,53.91,51.79,40.584,61.48,28.569,55.16,50,42
2025-12-21,9785,UNKNOWN,4,13.846,13.846,0.0,0.0,18.308,15.196,20.553,4.462,24.37,50,42
2025-12-21,9928,UNKNOWN,7,10.912,18.202,7.29,40.05,19.399,14.936,21.952,8.487,43.75,50,42
2025-12-22,1106,UNKNOWN,17,13.567,15.756,2.189,13.89,46.281,35.492,52.834,32.714,70.69,50,42
2025-12-22,1409,UNKNOWN,7,15.17,15.345,0.175,1.14,25.271,16.909,30.931,10.102,39.97,50,42
2025-12-22,1434,UNKNOWN,16,8.503,22.138,13.635,61.59,40.474,33.55,47.265,31.971,78.99,50,42
2025-12-22,1488,UNKNOWN,11,6.79,15.109,8.319,55.06,16.121,13.802,18.383,9.331,57.88,50,42
2025-12-22,1520,UNKNOWN,1,0.0,0.0,0.0,,0.0,0.0,0.0,0.0,,50,42
2025-12-22,1711,UNKNOWN,4,19.589,33.92,14.331,42.25,26.895,19.589,34.012,7.306,27.16,50,42
2025-12-22,2291,UNKNOWN,12,27.191,28.837,1.646,5.71,50.71,42.267,57.254,23.519,46.38,50,42
2025-12-22,2424,UNKNOWN,22,15.384,26.595,11.211,42.16,48.066,40.501,53.821,32.682,67.99,50,42
2025-12-22,2519,UNKNOWN,8,9.511,9.511,0.0,0.0,18.87,14.135,22.457,9.36,49.6,50,42
2025-12-22,2535,UNKNOWN,4,10.015,10.015,0.0,0.0,13.431,10.083,19.594,3.416,25.43,50,42
2025-12-22,2584,UNKNOWN,12,21.902,22.222,0.32,1.44,48.804,35.66,61.178,26.902,55.12,50,42
2025-12-22,2674,UNKNOWN,12,10.288,10.615,0.327,3.08,20.62,14.768,22.56,10.332,50.11,50,42
2025-12-22,2679,UNKNOWN,7,8.423,8.936,0.513,5.74,15.158,9.959,17.573,6.735,44.43,50,42
2025-12-22,2824,UNKNOWN,13,6.754,7.877,1.123,14.26,13.409,10.076,15.01,6.656,49.63,50,42
2025-12-22,3045,UNKNOWN,6,6.386,8.132,1.746,21.47,11.163,8.45,13.126,4.777,42.79,50,42
2025-12-22,3286,UNKNOWN,1,0.0,0.0,0.0,,0.0,0.0,0.0,0.0,,50,42
2025-12-22,3547,UNKNOWN,13,10.399,17.852,7.453,41.75,24.668,21.427,27.276,14.269,57.84,50,42
2025-12-22,3615,UNKNOWN,27,27.29,39.547,12.257,30.99,111.118,98.862,121.407,83.828,75.44,50,42
2025-12-22,4257,UNKNOWN,17,24.005,47.415,23.41,49.37,100.773,77.79,116.471,76.768,76.18,50,42
2025-12-22,4527,UNKNOWN,6,14.677,14.677,0.0,0.0,24.405,19.908,28.811,9.728,39.86,50,42
2025-12-22,4582,UNKNOWN,8,13.606,14.891,1.285,8.63,31.935,25.485,37.82,18.329,57.4,50,42
2025-12-22,4657,UNKNOWN,15,12.648,12.868,0.22,1.71,25.954,19.157,29.879,13.306,51.27,50,42
2025-12-22,4811,UNKNOWN,6,9.722,10.622,0.899,8.47,17.051,11.351,19.832,7.329,42.98,50,42
2025-12-22,5012,UNKNOWN,8,16.347,16.347,0.0,0.0,31.813,24.877,38.394,15.466,48.62,50,42
2025-12-22,5333,UNKNOWN,11,7.626,9.213,1.587,17.22,17.425,14.222,20.306,9.799,56.23,50,42
2025-12-22,5506,UNKNOWN,15,13.824,16.073,2.249,13.99,34.792,27.823,39.387,20.968,60.27,50,42
2025-12-22,5552,UNKNOWN,15,11.305,13.282,1.977,14.89,29.168,23.661,32.851,17.863,61.24,50,42
2025-12-22,5557,UNKNOWN,8,23.046,25.279,2.233,8.83,68.92,48.84,84.834,45.874,66.56,50,42
2025-12-22,5803,UNKNOWN,17,14.919,21.283,6.364,29.9,45.328,40.117,50.675,30.409,67.09,50,42
2025-12-22,6514,UNKNOWN,7,13.163,13.163,0.0,0.0,28.009,20.529,34.715,14.846,53.0,50,42
2025-12-22,6574,UNKNOWN,31,31.482,49.518,18.037,36.42,102.314,91.301,112.822,70.832,69.23,50,42
2025-12-22,6635,UNKNOWN,22,13.836,15.102,1.266,8.39,37.372,31.399,40.974,23.536,62.98,50,42
2025-12-22,6881,UNKNOWN,8,13.362,13.613,0.251,1.84,22.635,18.752,26.832,9.272,40.97,50,42
2025-12-22,7201,UNKNOWN,9,9.115,9.717,0.602,6.19,18.432,15.921,21.953,9.316,50.54,50,42
2025-12-22,7224,UNKNOWN,5,7.021,10.18,3.159,31.03,11.385,9.654,13.548,4.364,38.33,50,42
2025-12-22,7873,UNKNOWN,4,10.372,10.372,0.0,0.0,16.429,12.796,18.967,6.057,36.87,50,42
2025-12-22,7912,UNKNOWN,16,13.038,13.965,0.927,6.64,26.62,20.773,28.761,13.581,51.02,50,42
2025-12-22,7924,UNKNOWN,26,35.988,52.679,16.691,31.68,131.976,116.771,145.28,95.988,72.73,50,42
2025-12-22,8359,UNKNOWN,9,11.156,12.188,1.033,8.47,20.838,15.967,23.036,9.682,46.47,50,42
2025-12-22,8527,UNKNOWN,6,7.566,12.938,5.372,41.52,13.575,10.778,15.82,6.009,44.27,50,42
2025-12-22,9279,UNKNOWN,6,7.344,8.726,1.382,15.84,17.107,9.486,21.633,9.763,57.07,50,42
2025-12-22,9785,UNKNOWN,12,7.589,10.656,3.068,28.79,19.561,17.069,22.282,11.973,61.21,50,42
2025-12-22,9928,UNKNOWN,6,18.182,28.342,10.16,35.85,30.206,21.576,39.59,12.024,39.81,50,42
2025-12-23,1106,UNKNOWN,20,18.612,23.478,4.866,20.73,96.356,79.419,116.475,77.744,80.68,50,42
2025-12-23,1409,UNKNOWN,8,7.269,7.269,0.0,0.0,12.949,8.655,15.25,5.68,43.86,50,42
2025-12-23,1434,UNKNOWN,24,13.655,21.953,8.298,37.8,52.949,47.089,57.379,39.294,74.21,50,42
2025-12-23,1488,UNKNOWN,7,5.541,6.197,0.656,10.59,13.887,6.618,18.862,8.346,60.1,50,42
2025-12-23,1520,UNKNOWN,2,14.384,14.384,0.0,0.0,14.384,14.384,14.384,0.0,0.0,50,42
2025-12-23,1711,UNKNOWN,13,12.95,16.667,3.717,22.3,35.052,28.959,39.718,22.103,63.06,50,42
2025-12-23,2291,UNKNOWN,3,11.564,19.073,7.509,39.37,14.615,11.564,19.073,3.051,20.88,50,42
2025-12-23,2424,UNKNOWN,10,15.913,15.913,0.0,0.0,41.006,32.462,48.841,25.094,61.19,50,42
2025-12-23,2519,UNKNOWN,8,9.704,10.207,0.502,4.92,18.599,12.923,21.628,8.895,47.82,50,42
2025-12-23,2535,UNKNOWN,7,35.333,45.151,9.818,21.74,57.44,44.279,68.676,22.107,38.49,50,42
2025-12-23,2584,UNKNOWN,8,20.994,21.18,0.186,0.88,33.8,23.388,42.506,12.806,37.89,50,42
2025-12-23,2674,UNKNOWN,6,9.254,9.462,0.207,2.19,15.118,9.945,18.309,5.864,38.79,50,42
2025-12-23,2679,UNKNOWN,9,3.173,3.192,0.019,0.6,6.013,4.957,7.04,2.84,47.23,50,42
2025-12-23,2824,UNKNOWN,18,12.176,12.912,0.736,5.7,39.43,32.185,45.748,27.254,69.12,50,42
2025-12-23,3045,UNKNOWN,13,6.542,7.212,0.67,9.29,19.536,15.475,22.605,12.994,66.51,50,42
2025-12-23,3286,UNKNOWN,11,10.991,11.36,0.369,3.25,41.392,30.715,51.347,30.401,73.45,50,42
2025-12-23,3547,UNKNOWN,12,11.255,18.774,7.519,40.05,30.281,25.608,35.238,19.027,62.83,50,42
2025-12-23,3615,UNKNOWN,18,27.064,41.112,14.048,34.17,67.075,59.023,74.191,40.011,59.65,50,42
2025-12-23,4257,UNKNOWN,17,22.346,44.808,22.462,50.13,94.963,79.035,111.741,72.617,76.47,50,42
2025-12-23,4527,UNKNOWN,11,6.07,6.452,0.381,5.91,18.761,13.001,22.037,12.691,67.64,50,42
2025-12-23,4582,UNKNOWN,4,11.827,11.827,0.0,0.0,15.849,12.022,18.491,4.023,25.38,50,42
2025-12-23,4657,UNKNOWN,11,27.365,27.325,-0.04,-0.15,65.866,46.029,84.058,38.501,58.45,50,42
2025-12-23,4811,UNKNOWN,7,10.246,12.312,2.066,16.78,18.676,12.494,22.295,8.43,45.14,50,42
2025-12-23,5012,UNKNOWN,13,18.127,18.485,0.358,1.94,35.614,28.632,41.077,17.487,49.1,50,42
2025-12-23,5506,UNKNOWN,7,2.764,3.003,0.24,7.98,6.227,4.897,7.544,3.464,55.62,50,42
2025-12-23,5552,UNKNOWN,10,8.89,9.088,0.198,2.18,18.08,14.37,20.611,9.19,50.83,50,42
2025-12-23,5557,UNKNOWN,4,16.425,16.425,0.0,0.0,23.946,16.553,32.034,7.521,31.41,50,42
2025-12-23,5803,UNKNOWN,13,16.318,18.928,2.609,13.79,54.561,44.508,66.988,38.243,70.09,50,42
2025-12-23,6514,UNKNOWN,9,21.969,17.993,-3.976,-22.1,48.994,38.422,59.937,27.025,55.16,50,42
2025-12-23,6574,UNKNOWN,25,22.955,30.22,7.265,24.04,86.542,73.344,100.239,63.587,73.48,50,42
2025-12-23,6635,UNKNOWN,11,12.841,13.543,0.701,5.18,23.393,20.048,26.512,10.551,45.11,50,42
2025-12-23,6881,UNKNOWN,11,5.852,6.944,1.092,15.73,15.198,12.018,18.038,9.345,61.49,50,42
2025-12-23,7201,UNKNOWN,12,18.211,24.301,6.091,25.06,65.375,53.436,80.392,47.165,72.14,50,42
2025-12-23,7224,UNKNOWN,6,9.192,10.322,1.131,10.95,15.177,11.911,18.818,5.985,39.44,50,42
2025-12-23,7873,UNKNOWN,10,11.608,11.68,0.072,0.61,26.547,21.297,31.848,14.939,56.27,50,42
2025-12-23,7912,UNKNOWN,6,12.943,14.425,1.482,10.28,26.589,16.083,34.827,13.646,51.32,50,42
2025-12-23,7924,UNKNOWN,25,29.869,60.269,30.4,50.44,127.141,107.153,146.367,97.272,76.51,50,42
2025-12-23,8359,UNKNOWN,4,4.294,4.294,0.0,0.0,6.781,4.621,8.219,2.487,36.68,50,42
2025-12-23,8527,UNKNOWN,4,10.371,10.371,0.0,0.0,15.512,10.371,19.302,5.141,33.14,50,42
2025-12-23,9279,UNKNOWN,11,18.647,31.976,13.329,41.68,42.092,35.218,48.086,23.444,55.7,50,42
2025-12-23,9785,UNKNOWN,8,11.249,11.249,0.0,0.0,23.787,16.118,29.748,12.538,52.71,50,42
2025-12-23,9928,UNKNOWN,5,11.229,11.229,0.0,0.0,25.952,12.653,38.258,14.722,56.73,50,42
2025-12-24,1106,UNKNOWN,23,14.252,19.529,5.277,27.02,41.94,36.837,45.448,27.688,66.02,50,42
2025-12-24,1409,UNKNOWN,6,14.529,14.529,0.0,0.0,22.54,15.873,28.699,8.011,35.54,50,42
2025-12-24,1434,UNKNOWN,20,17.904,43.876,25.972,59.19,60.477,50.512,69.984,42.573,70.4,50,42
2025-12-24,1488,UNKNOWN,4,5.124,5.124,0.0,0.0,7.702,5.684,9.9,2.578,33.47,50,42
2025-12-24,1520,UNKNOWN,1,0.0,0.0,0.0,,0.0,0.0,0.0,0.0,,50,42
2025-12-24,1711,UNKNOWN,5,17.198,23.609,6.411,27.15,24.089,17.479,29.224,6.891,28.61,50,42
2025-12-24,2291,UNKNOWN,3,11.411,11.411,0.0,0.0,14.698,11.411,21.43,3.287,22.36,50,42
2025-12-24,2424,UNKNOWN,15,15.222,15.693,0.471,3.0,37.318,32.924,41.544,22.095,59.21,50,42
2025-12-24,2519,UNKNOWN,7,11.21,11.231,0.02,0.18,19.662,14.599,23.678,8.451,42.98,50,42
2025-12-24,2535,UNKNOWN,2,9.002,9.002,0.0,0.0,9.002,9.002,9.002,0.0,0.0,50,42
2025-12-24,2584,UNKNOWN,7,9.307,9.307,0.0,0.0,16.679,11.04,19.99,7.372,44.2,50,42
2025-12-24,2674,UNKNOWN,7,9.909,10.1,0.191,1.89,15.979,11.061,20.349,6.07,37.99,50,42
2025-12-24,2679,UNKNOWN,7,8.323,8.982,0.659,7.34,14.847,10.406,17.598,6.525,43.94,50,42
2025-12-24,2824,UNKNOWN,10,11.624,12.039,0.415,3.45,21.624,18.417,23.783,10.0,46.25,50,42
2025-12-24,3045,UNKNOWN,8,5.715,5.728,0.013,0.23,16.302,10.676,21.109,10.587,64.94,50,42
2025-12-24,3286,UNKNOWN,4,9.971,9.971,0.0,0.0,14.991,10.398,17.933,5.02,33.48,50,42
2025-12-24,3547,UNKNOWN,14,10.293,21.667,11.374,52.5,38.367,30.448,46.261,28.074,73.17,50,42
2025-12-24,3615,UNKNOWN,19,23.106,44.572,21.466,48.16,71.958,58.331,84.374,48.852,67.89,50,42
2025-12-24,4257,UNKNOWN,17,23.143,46.956,23.813,50.71,99.985,77.194,117.322,76.842,76.85,50,42
2025-12-24,4527,UNKNOWN,3,5.67,5.923,0.253,4.27,6.734,5.67,10.382,1.064,15.8,50,42
2025-12-24,4582,UNKNOWN,3,9.698,9.698,0.0,0.0,13.016,9.698,14.728,3.318,25.49,50,42
2025-12-24,4657,UNKNOWN,9,26.155,43.543,17.388,39.93,52.33,38.372,68.737,26.176,50.02,50,42
2025-12-24,4811,UNKNOWN,4,9.316,9.535,0.219,2.29,13.727,9.535,18.857,4.411,32.13,50,42
2025-12-24,5012,UNKNOWN,5,15.5,15.5,0.0,0.0,22.761,18.364,27.641,7.261,31.9,50,42
2025-12-24,5506,UNKNOWN,12,7.659,8.622,0.963,11.17,14.869,9.862,16.152,7.21,48.49,50,42
2025-12-24,5552,UNKNOWN,3,2.105,2.105,0.0,0.0,2.732,2.105,4.189,0.628,22.97,50,42
2025-12-24,5557,UNKNOWN,16,27.012,40.876,13.864,33.92,120.581,98.009,147.371,93.569,77.6,50,42
2025-12-24,5803,UNKNOWN,15,15.379,21.362,5.983,28.01,57.507,48.686,65.931,42.128,73.26,50,42
2025-12-24,6514,UNKNOWN,6,13.237,13.898,0.66,4.75,26.936,19.464,32.567,13.699,50.86,50,42
2025-12-24,6574,UNKNOWN,24,31.539,52.99,21.451,40.48,96.291,84.931,108.445,64.752,67.25,50,42
2025-12-24,6635,UNKNOWN,16,13.63,15.07,1.44,9.56,42.638,33.335,50.79,29.008,68.03,50,42
2025-12-24,6881,UNKNOWN,7,5.698,6.607,0.909,13.76,12.429,8.625,16.276,6.731,54.16,50,42
2025-12-24,7201,UNKNOWN,5,7.363,7.363,0.0,0.0,10.715,9.204,12.719,3.352,31.28,50,42
2025-12-24,7224,UNKNOWN,6,9.901,10.12,0.22,2.17,21.225,14.841,27.985,11.325,53.35,50,42
2025-12-24,7873,UNKNOWN,4,10.374,10.374,0.0,0.0,17.268,15.037,21.76,6.894,39.92,50,42
2025-12-24,7912,UNKNOWN,3,1.588,1.588,0.0,0.0,1.971,1.588,3.169,0.382,19.4,50,42
2025-12-24,7924,UNKNOWN,22,31.987,63.237,31.25,49.42,98.586,85.784,109.752,66.599,67.55,50,42
2025-12-24,8359,UNKNOWN,7,4.829,5.04,0.211,4.19,8.947,6.648,10.406,4.118,46.03,50,42
2025-12-24,8527,UNKNOWN,4,6.705,7.64,0.935,12.24,10.649,6.736,13.866,3.944,37.04,50,42
2025-12-24,9279,UNKNOWN,5,6.583,8.477,1.894,22.34,11.609,8.038,14.068,5.026,43.29,50,42
2025-12-24,9785,UNKNOWN,6,6.645,6.772,0.128,1.88,12.961,9.977,15.49,6.316,48.73,50,42
2025-12-24,9928,UNKNOWN,6,10.658,17.53,6.872,39.2,17.035,11.604,20.349,6.377,37.43,50,42
2025-12-24,9935,UNKNOWN,1,0.0,0.0,0.0,,0.0,0.0,0.0,0.0,,50,42
2025-12-25,1106,UNKNOWN,2,9.566,9.566,0.0,0.0,9.566,9.566,9.566,0.0,0.0,50,42
2025-12-25,1409,UNKNOWN,1,0.0,0.0,0.0,,0.0,0.0,0.0,0.0,,50,42
2025-12-25,1434,UNKNOWN,3,3.191,3.519,0.329,9.34,4.199,3.191,5.953,1.009,24.02,50,42
2025-12-25,1488,UNKNOWN,2,0.741,0.741,0.0,0.0,0.741,0.741,0.741,0.0,0.0,50,42
2025-12-25,2424,UNKNOWN,3,0.525,0.525,0.0,0.0,0.538,0.525,0.555,0.013,2.39,50,42
2025-12-25,2674,UNKNOWN,2,1.057,1.057,0.0,0.0,1.057,1.057,1.057,0.0,0.0,50,42
2025-12-25,2679,UNKNOWN,1,0.0,0.0,0.0,,0.0,0.0,0.0,0.0,,50,42
2025-12-25,2824,UNKNOWN,4,0.751,0.751,0.0,0.0,1.053,0.821,1.343,0.302,28.7,50,42
2025-12-25,3045,UNKNOWN,3,0.452,0.452,0.0,0.0,0.592,0.452,0.745,0.14,23.71,50,42
2025-12-25,3286,UNKNOWN,1,0.0,0.0,0.0,,0.0,0.0,0.0,0.0,,50,42
2025-12-25,3547,UNKNOWN,2,4.006,4.006,0.0,0.0,4.006,4.006,4.006,0.0,0.0,50,42
2025-12-25,3615,UNKNOWN,7,11.93,12.407,0.478,3.85,19.654,16.383,22.628,7.725,39.3,50,42
2025-12-25,4257,UNKNOWN,7,19.049,28.745,9.696,33.73,32.64,25.786,38.973,13.591,41.64,50,42
2025-12-25,4527,UNKNOWN,3,4.433,4.433,0.0,0.0,6.02,4.433,8.826,1.588,26.37,50,42
2025-12-25,4811,UNKNOWN,2,0.067,0.067,0.0,0.0,0.067,0.067,0.067,0.0,0.0,50,42
2025-12-25,5012,UNKNOWN,2,8.791,8.791,0.0,0.0,8.791,8.791,8.791,0.0,0.0,50,42
2025-12-25,5506,UNKNOWN,2,0.307,0.307,0.0,0.0,0.307,0.307,0.307,0.0,0.0,50,42
2025-12-25,5552,UNKNOWN,1,0.0,0.0,0.0,,0.0,0.0,0.0,0.0,,50,42
2025-12-25,5803,UNKNOWN,1,0.0,0.0,0.0,,0.0,0.0,0.0,0.0,,50,42
2025-12-25,6514,UNKNOWN,2,0.115,0.115,0.0,0.0,0.115,0.115,0.115,-0.0,-0.0,50,42
2025-12-25,6574,UNKNOWN,3,4.34,4.509,0.169,3.74,5.599,4.34,8.324,1.259,22.49,50,42
2025-12-25,6635,UNKNOWN,3,0.751,0.751,0.0,0.0,0.963,0.751,1.141,0.212,22.06,50,42
2025-12-25,6881,UNKNOWN,1,0.0,0.0,0.0,,0.0,0.0,0.0,0.0,,50,42
2025-12-25,7201,UNKNOWN,1,0.0,0.0,0.0,,0.0,0.0,0.0,0.0,,50,42
2025-12-25,7912,UNKNOWN,1,0.0,0.0,0.0,,0.0,0.0,0.0,0.0,,50,42
2025-12-25,7924,UNKNOWN,10,27.021,46.547,19.525,41.95,57.894,46.667,67.632,30.873,53.33,50,42
2025-12-25,8527,UNKNOWN,2,0.701,0.701,0.0,0.0,0.701,0.701,0.701,0.0,0.0,50,42
2025-12-25,9279,UNKNOWN,2,5.193,5.193,0.0,0.0,5.193,5.193,5.193,0.0,0.0,50,42
2025-12-25,9785,UNKNOWN,2,0.266,0.266,0.0,0.0,0.266,0.266,0.266,0.0,0.0,50,42
2025-12-25,9928,UNKNOWN,1,0.0,0.0,0.0,,0.0,0.0,0.0,0.0,,50,42
